transaction_date,transaction_count,total_amount,average_amount,active_users,active_merchants,transaction_count_7d_ma,total_amount_7d_ma
2021-02-28,17107,2784089.4934767457,162.74563006235726,12259,2019,17107.0,2784089.4934767457
2021-03-01,15170,2435135.556606997,160.52310854363856,11248,1906,16138.5,2609612.5250418712
2021-03-02,15417,2543122.2863270147,164.9557168273344,11332,1944,15898.0,2587449.112136919
2021-03-03,16093,2688663.3637337848,167.07036374409898,11715,2006,15946.75,2612752.6750361356
2021-03-04,16988,2915739.9411914316,171.63526849490415,12181,1978,16155.0,2673350.1282671946
2021-03-05,17697,3018162.3881836995,170.54655524573087,12551,2048,16412.0,2730818.8382532788
2021-03-06,16924,2954777.959991407,174.5909926726192,12186,2010,16485.14285714286,2762812.998501583
2021-03-07,16798,2835638.439838306,168.80809857353887,12126,2010,16441.0,2770177.1336960914
2021-03-08,16262,2632684.411956135,161.8917975621778,11824,1998,16597.0,2798398.3987459685
2021-03-09,15972,2615274.2737861793,163.74118919272348,11634,1949,16676.285714285714,2808705.825525849
2021-03-10,15945,2619319.363558736,164.272145723345,11671,1953,16655.14285714286,2798799.5397865563
2021-03-11,17169,2882075.5229552425,167.86507792854812,12288,2014,16681.0,2793990.3371813865
2021-03-12,17555,2798006.492488676,159.38516049494027,12542,2056,16660.714285714286,2762539.4949392406
2021-03-13,18002,3137184.0780980308,174.26864115642877,12685,2059,16814.714285714286,2788597.511811615
2021-03-14,18441,3120018.2117290716,169.18920946418694,12844,2051,17049.428571428572,2829223.1935102963
2021-03-15,16904,2904572.963894135,171.8275534722039,12172,2042,17141.14285714286,2868064.4152157246
2021-03-16,16297,2668410.5083310474,163.73630167092392,11835,2003,17187.571428571428,2875655.305864991
2021-03-17,18687,3036720.8465201054,162.50446013378848,13068,2093,17579.285714285714,2935284.0891451873
2021-03-18,20525,3448480.4611664615,168.01366436864612,13792,2158,18058.714285714286,3016199.0803182186
2021-03-19,21007,3545789.127018592,168.7908376740416,14003,2175,18551.85714285714,3123025.170965349
2021-03-20,20679,3477760.7420258103,168.1783810641622,13905,2134,18934.285714285714,3171678.980097889
2021-03-21,20573,3454982.9416462067,167.93773108667705,13862,2129,19238.85714285714,3219531.084371765
2021-03-22,18238,2958303.1339747603,162.2054575049216,12875,2062,19429.428571428572,3227206.8229547115
2021-03-23,16268,2699106.1071565817,165.91505453384445,11826,2013,19425.285714285714,3231591.9085012167
2021-03-24,16457,2842921.9810865056,172.7484949314277,11881,2008,19106.714285714286,3203906.356296417
2021-03-25,18436,3060174.415554624,165.9890657167837,12869,2065,18808.285714285714,3148434.0640661544
2021-03-26,19087,3036334.3798160884,159.07865981118502,13162,2078,18534.0,3075654.814465796
2021-03-27,18136,3065047.403944017,169.00349602690875,12722,2044,18170.714285714286,3016695.766168398
2021-03-28,18695,3103529.2948222444,166.00852071795904,13012,2084,17902.428571428572,2966488.102336403
2021-03-29,17101,2949264.560448971,172.46152625279055,12263,2016,17740.0,2965196.8775470043
2021-03-30,16635,2664806.60556038,160.1927625825296,12074,1979,17792.428571428572,2960296.948747547
2021-03-31,18175,2969573.415589475,163.3878082855282,12833,2041,18037.85714285714,2978390.0108194
2021-04-01,18489,3189437.3978881114,172.50459180529566,12976,2107,18045.428571428572,2996856.151152755
2021-04-02,18095,2946520.0757904532,162.83614676929832,12688,2092,17903.714285714286,2984025.5362919504
2021-04-03,18383,2996952.0163599234,163.02845108850153,12843,2068,17939.0,2974297.6237799367
2021-04-04,17225,2891267.7657720693,167.8529907559982,12300,2024,17729.0,2943974.5482013407
2021-04-05,17559,3001625.770177089,170.9451432414767,12506,2072,17794.428571428572,2951454.721019643
2021-04-06,16503,2830554.8309784746,171.5175926182194,11973,1979,17775.571428571428,2975133.038936514
2021-04-07,17547,2751245.7727242,156.792943108463,12463,2053,17685.85714285714,2943943.375670046
2021-04-08,18063,2921454.6288621253,161.736955592212,12641,2065,17625.0,2905660.1229520477
2021-04-09,18702,3055517.477863482,163.3791828608428,12889,2050,17711.714285714286,2921231.180391052
2021-04-10,18618,3169047.720644616,170.21418630597358,12965,2112,17745.285714285714,2945816.2810031506
2021-04-11,18812,3113669.815059758,165.51508691578556,13076,2112,17972.0,2977588.0023299637
2021-04-12,16947,2816639.3726676153,166.20283074689416,12155,2030,17884.571428571428,2951161.3741143243
2021-04-13,17657,2862484.693404901,162.116140533777,12460,2060,18049.428571428572,2955722.783032385
2021-04-14,18169,2996722.069554012,164.93599370102987,12738,2064,18138.285714285714,2990790.8254366443
2021-04-15,20494,3284539.792445683,160.26836110303907,13863,2138,18485.571428571428,3042660.1345200096
2021-04-16,20298,3476487.576856739,171.2724197879958,13708,2160,18713.571428571428,3102798.720090475
2021-04-17,19414,3322624.0032331273,171.1457712595615,13251,2117,18827.285714285714,3124738.189031691
2021-04-18,19963,3382374.1044637673,169.43215470940075,13591,2108,18991.714285714286,3163124.5160894063
2021-04-19,17787,2894036.2025989564,162.70513310839132,12571,2061,19111.714285714286,3174181.206079598
2021-04-20,18905,3160631.4304988617,167.18494739480886,13166,2065,19290.0,3216773.5970930206
2021-04-21,18986,3231244.4707974643,170.19090228576133,13130,2137,19406.714285714286,3250276.7972706566
2021-04-22,19827,3276425.612787863,165.25069918736384,13611,2146,19311.428571428572,3249117.6287481114
2021-04-23,19790,3197276.9367728084,161.56022924572048,13495,2120,19238.85714285714,3209230.394450407
2021-04-24,19230,3125704.8512950395,162.5431539935018,13272,2079,19212.571428571428,3181099.08703068
2021-04-25,17631,2988835.350885151,169.52160120725716,12563,2064,18879.428571428572,3124879.2650908777
2021-04-26,18360,3044344.446228848,165.8139676595233,12742,2056,18961.285714285714,3146351.8713237196
2021-04-27,17981,2998393.69011308,166.75344475352207,12694,2067,18829.285714285714,3123175.051268608
2021-04-28,19450,3294123.9632289694,169.36369990894445,13334,2143,18895.571428571428,3132157.8359016804
2021-04-29,20403,3384065.269399917,165.86116107434776,13797,2182,18977.85714285714,3147534.929703402
2021-04-30,21392,3507606.5064756856,163.96814259890078,14223,2164,19206.714285714286,3191867.7253752416
2021-05-01,20853,3369362.3984699557,161.57686656452097,13993,2154,19438.571428571428,3226675.9464002294
2021-05-02,20645,3374735.854168071,163.46504500693004,13844,2161,19869.14285714286,3281804.5897263614
2021-05-03,19523,3178766.5745402584,162.82162447063763,13417,2137,20035.285714285714,3301007.750913705
2021-05-04,19235,3097386.773749383,161.02868592406463,13268,2098,20214.428571428572,3315149.620004606
2021-05-05,20203,3389238.5502277324,167.7591719164348,13758,2142,20322.0,3328737.418147286
2021-05-06,21049,3524582.7810049765,167.44656663048013,14042,2152,20414.285714285714,3348811.3483765805
2021-05-07,21053,3497367.928640936,166.12206947422865,14011,2169,20365.85714285714,3347348.6944001876
2021-05-08,19999,3340315.608420227,167.02413162759274,13655,2150,20243.85714285714,3343199.1529645124
2021-05-09,19936,3384399.788588614,169.76323177109822,13575,2161,20142.571428571428,3344579.7150245896
2021-05-10,18377,3074336.5242050127,167.29262252843296,12884,2075,19978.85714285714,3329661.136405269
2021-05-11,18443,2947313.4264671383,159.80661641094932,12876,2048,19865.714285714286,3308222.08679352
2021-05-12,19442,3194578.96593101,164.31328906136252,13399,2089,19757.0,3280413.574751131
2021-05-13,19863,3326468.0093480977,167.47057389861035,13492,2125,19587.571428571428,3252111.464514434
2021-05-14,21218,3517824.0462953234,165.79432775451613,14067,2172,19611.14285714286,3255033.767036489
2021-05-15,20990,3472188.725499407,165.4210922105482,14013,2156,19752.714285714286,3273872.783762086
2021-05-16,21347,3527258.6234029634,165.23439468791696,14118,2162,19954.285714285714,3294281.1887355647
2021-05-17,20301,3468534.13507165,170.85533397722526,13682,2120,20229.14285714286,3350595.133145084
2021-05-18,20294,3337726.0798362074,164.46861534622093,13734,2106,20493.571428571428,3406368.3693406656
2021-05-19,21308,3556535.291632765,166.91079836834828,14125,2166,20760.14285714286,3458076.415869488
2021-05-20,22232,3727149.991050722,167.6479844841095,14550,2189,21098.571428571428,3515316.6989698624
2021-05-21,22474,3677560.874006359,163.63624072289574,14654,2176,21278.0,3538136.245785725
2021-05-22,21460,3654355.0176088875,170.28681349528833,14218,2181,21345.14285714286,3564160.001801365
2021-05-23,20781,3482539.5471099676,167.58286642172982,13908,2140,21264.285714285714,3557771.5623309365
2021-05-24,19804,3271310.0392611944,165.18430818325564,13521,2129,21193.285714285714,3529596.691500872
2021-05-25,19415,3263606.0302434987,168.09714294326545,13400,2092,21067.714285714286,3519008.1129876273
2021-05-26,19690,3364525.0152120935,170.87481032057357,13409,2138,20836.571428571428,3491578.07349896
2021-05-27,21171,3664689.690912752,173.0995083327548,14142,2154,20685.0,3482655.1734792506
2021-05-28,22275,3738551.338401912,167.83619925485576,14506,2147,20656.571428571428,3491368.0969643295
2021-05-29,21093,3499369.9572881637,165.90195597061413,14109,2174,20604.14285714286,3469227.3740613684
2021-05-30,20913,3444452.5571036376,164.70389504631748,14021,2202,20623.0,3463786.375489036
2021-05-31,21279,3633883.219697369,170.7732139525997,14146,2215,20833.714285714286,3515582.544122775
2021-06-01,19266,3224476.664235822,167.3661717136833,13147,2093,20812.428571428572,3509992.634693107
2021-06-02,19391,3178146.771227698,163.8980336871589,13288,2090,20769.714285714286,3483367.171266765
2021-06-03,20877,3696155.661599715,177.04438672221653,13772,2164,20727.714285714286,3487862.3099363307
2021-06-04,20910,3455236.1643138793,165.2432407610655,13920,2167,20532.714285714286,3447388.7136380402
2021-06-05,21092,3464474.208107001,164.25536734814153,14065,2168,20532.571428571428,3442403.6066121603
2021-06-06,20455,3348334.8604380833,163.69273333845433,13767,2129,20467.14285714286,3428672.5070885094
2021-06-07,20366,3374459.215115346,165.6908187722354,13775,2116,20336.714285714286,3391611.935005363
2021-06-08,20363,3250228.610973107,159.61442866832525,13765,2122,20493.428571428572,3395290.7845392614
2021-06-09,20590,3470610.907432246,168.55808195397017,13807,2162,20664.714285714286,3437071.3754256256
2021-06-10,21177,3539542.8208721625,167.1408991298183,14107,2133,20707.571428571428,3414698.1124645467
2021-06-11,21311,3409194.6324378597,159.97347062258268,14158,2164,20764.85714285714,3408120.7507679723
2021-06-12,20373,3404729.3950183233,167.11968757759405,13741,2106,20662.14285714286,3399585.77746959
2021-06-13,20565,3467278.809042077,168.6009632405581,13801,2133,20677.85714285714,3416577.7701273034
2021-06-14,20214,3210142.142628576,158.8078629973571,13677,2147,20656.14285714286,3393103.9026291934
2021-06-15,20474,3303029.9193121563,161.3280218478146,13876,2146,20672.0,3400646.946677629
2021-06-16,21103,3421226.8900765707,162.12040421156095,14015,2165,20745.285714285714,3393592.0870553893
2021-06-17,21733,3607578.049175579,165.9954009651488,14330,2207,20824.714285714286,3403311.405384449
2021-06-18,21934,3678482.0403367192,167.70684965518006,14443,2168,20913.714285714286,3441781.035084286
2021-06-19,20746,3476364.992111379,167.5679645286503,13964,2114,20967.0,3452014.6918118657
2021-06-20,21625,3581409.1427655322,165.61429561921537,14240,2181,21118.428571428572,3468319.02520093
2021-06-21,20665,3370898.3905731724,163.12114157140925,13830,2143,21182.85714285714,3491284.20347873
2021-06-22,20378,3262812.0112795522,160.11443769160624,13776,2088,21169.14285714286,3485538.7880455004
2021-06-23,20620,3438586.9042297215,166.75979166972462,13897,2135,21100.14285714286,3488018.790067379
2021-06-24,21730,3497128.499151957,160.93550387261652,14376,2165,21099.714285714286,3472240.2829211475
2021-06-25,22160,3704014.111795196,167.14865125429583,14503,2202,21132.0,3475887.72170093
2021-06-26,21550,3465767.208535549,160.82446443320413,14275,2192,21246.85714285714,3474373.752618668
2021-06-27,21666,3551247.894519296,163.90879232526981,14252,2170,21252.714285714286,3470065.002869207
2021-06-28,20615,3495217.7882932546,169.5473096431363,13838,2150,21245.571428571428,3487824.916829218
2021-06-29,20732,3438242.400917465,165.84229215307084,13838,2145,21296.14285714286,3512886.401063205
2021-06-30,22467,3826490.3116422947,170.31603292127542,14551,2173,21560.0,3568301.1735507166
2021-07-01,21446,3445280.293411991,160.6490857694671,14145,2206,21519.428571428572,3560894.287016435
2021-07-02,21580,3639629.7687395657,168.6575425736592,14254,2160,21436.571428571428,3551696.523722774
2021-07-03,20709,3559143.935484895,171.8645968170793,13932,2153,21316.428571428572,3565036.0561441095
2021-07-04,19677,3174191.531896046,161.31481078904537,13514,2134,21032.285714285714,3511170.8614836447
2021-07-05,19571,3282868.5732501927,167.7414834832248,13442,2155,20883.14285714286,3480835.2593346355
2021-07-06,19003,3208675.3431982067,168.85098895954357,13121,2130,20636.14285714286,3448039.9653747417
2021-07-07,19686,3270040.2167282016,166.10993684487462,13501,2116,20238.85714285714,3368547.0946727283
2021-07-08,21168,3550674.4859784655,167.7378347495496,14086,2157,20199.14285714286,3383603.407896511
2021-07-09,21424,3470904.622775884,162.01011121993483,14165,2181,20176.85714285714,3359499.8156159846
2021-07-10,20967,3547256.132035762,169.18281738139754,13973,2167,20213.714285714286,3357801.5579803935
2021-07-11,19886,3296399.0122655486,165.764810030451,13467,2146,20243.571428571428,3375259.7694617514
2021-07-12,19737,3378204.743006408,171.16100435762314,13528,2094,20267.285714285714,3388879.222284068
2021-07-13,20433,3544037.62081275,173.44675871446924,13747,2130,20471.571428571428,3436788.119086146
2021-07-14,21688,3565420.676141661,164.39601051925771,14244,2174,20757.571428571428,3478985.3275737828
2021-07-15,23279,3884242.524881228,166.85607306504696,14918,2218,21059.14285714286,3526637.9045598917
2021-07-16,23074,3832265.6653661495,166.08588304438544,14892,2251,21294.85714285714,3578260.9106442155
2021-07-17,21734,3680445.195941708,169.34044335795105,14374,2197,21404.428571428572,3597287.919773636
2021-07-18,21281,3492975.5124240783,164.13587295822933,14131,2148,21603.714285714286,3625370.276939141
2021-07-19,21286,3603562.6332164872,169.29261642471516,14152,2186,21825.0,3657564.261254866
2021-07-20,20724,3498428.6598572354,168.81049314115205,13901,2149,21866.571428571428,3651048.6954040783
2021-07-21,21232,3602413.2617562013,169.66904963056712,14112,2143,21801.428571428572,3656333.3504918697
2021-07-22,21820,3692344.6063209493,169.21835959307742,14386,2191,21593.0,3628919.3621261157
2021-07-23,22571,3824223.3821626017,169.4308352382527,14680,2190,21521.14285714286,3627770.464525609
2021-07-24,21784,3613322.1242092983,165.87046108195457,14341,2210,21528.285714285714,3618181.454278122
2021-07-25,21223,3568594.682444853,168.14751366182222,14177,2179,21520.0,3628984.192852518
2021-07-26,20502,3398195.7899366184,165.74947760884882,13783,2143,21408.0,3599646.0723839654
2021-07-27,20454,3437108.7393989135,168.0409083503918,13794,2131,21369.428571428572,3590886.0837470624
2021-07-28,20933,3529111.758035526,168.5908258747206,13963,2181,21326.714285714286,3580414.4403583943
2021-07-29,22085,3711102.672861876,168.03725029938312,14504,2190,21364.571428571428,3583094.164149955
2021-07-30,22470,3714502.5115612904,165.30941306458791,14641,2216,21350.14285714286,3567419.7540640533
2021-07-31,21852,3602641.6383831077,164.8655335156099,14367,2137,21359.85714285714,3565893.9703745977
2021-08-01,21008,3401614.345710869,161.91995171891037,14069,2165,21329.14285714286,3542039.636555457
2021-08-02,20350,3485691.7378588365,171.28706328544652,13795,2117,21307.428571428572,3554539.057687203
2021-08-03,20175,3365177.045082447,166.79935787273592,13655,2159,21267.571428571428,3544263.1013562786
2021-08-04,20961,3531418.106423473,168.47565032314645,13935,2164,21271.571428571428,3544592.5796974143
2021-08-05,21538,3535089.117554898,164.13265472907875,14310,2187,21193.428571428572,3519447.7860821313
2021-08-06,22330,3652449.676202084,163.5669357905098,14528,2196,21173.428571428572,3510583.0953165307
2021-08-07,21696,3758954.899158118,173.2556645998395,14344,2159,21151.14285714286,3532913.5611415324
2021-08-08,22014,3846466.7207070445,174.72820571940784,14475,2185,21294.85714285714,3596463.9004267002
2021-08-09,20823,3428295.9611389507,164.63986750895407,13943,2122,21362.428571428572,3588264.5037524304
2021-08-10,20574,3334898.8471124894,162.0928767917026,13906,2148,21419.428571428572,3583939.04689958
2021-08-11,20652,3403782.40802373,164.81611505053894,13816,2132,21375.285714285714,3565705.3756996165
2021-08-12,21482,3544593.942726376,165.0029765723106,14191,2152,21367.285714285714,3567063.20786697
2021-08-13,23096,3792539.469421243,164.20763203244036,14835,2241,21476.714285714286,3587076.0354697076
2021-08-14,23879,4035548.194760791,168.99988252275185,15118,2290,21788.571428571428,3626589.363412946
2021-08-15,23643,3914821.436965798,165.5805708651947,15020,2262,22021.285714285714,3636354.3228784828
2021-08-16,23213,3883327.9436686677,167.29108446425138,14927,2240,22362.714285714286,3701358.8918112996
2021-08-17,21014,3637422.422523421,173.09519475223283,13953,2152,22425.571428571428,3744576.5454414324
2021-08-18,21771,3660995.0895358687,168.1592526542588,14287,2180,22585.428571428572,3781321.2142288806
2021-08-19,24662,4093597.900360247,165.98807478550998,15388,2272,23039.714285714286,3859750.3510337197
2021-08-20,26240,4158740.711537911,158.488594189707,16009,2310,23488.85714285714,3912064.8141932436
2021-08-21,25125,4235846.168997667,168.5908922984146,15634,2310,23666.85714285714,3940678.810512797
2021-08-22,24111,3872910.47526814,160.6283636210916,15294,2241,23733.714285714286,3934691.5302702743
2021-08-23,21833,3592945.875647289,164.56491895970728,14323,2169,23536.571428571428,3893208.377695792
2021-08-24,20772,3322704.1091369726,159.96072160297385,13843,2096,23502.0,3848248.6186405853
2021-08-25,21689,3540629.4223351018,163.2453973136199,14356,2216,23490.285714285714,3831053.5233261893
2021-08-26,22200,3702391.1788563924,166.77437742596362,14543,2168,23138.571428571428,3775166.8488256396
2021-08-27,23202,3860809.8742239615,166.39987389983457,14853,2198,22704.571428571428,3732605.3006379316
2021-08-28,22688,3890008.919468452,171.45666958164898,14715,2216,22356.428571428572,3683199.9792766157
2021-08-29,21995,3598697.275760549,163.61433397411,14374,2169,22054.14285714286,3644026.6650612457
2021-08-30,22086,3639040.5449022623,164.76684528218158,14393,2186,22090.285714285714,3650611.617811956
2021-08-31,22000,3734485.839742148,169.74935635191582,14406,2197,22265.714285714286,3709437.5793269807
2021-09-01,22118,3748600.455804451,169.48189057801116,14504,2156,22327.0,3739147.72696546
2021-09-02,22864,3887210.611925341,170.01445993375356,14787,2198,22421.85714285714,3765550.5031181662
2021-09-03,23706,3866255.1083927345,163.09183786352546,15047,2253,22493.85714285714,3766328.3937137057
2021-09-04,23054,3925398.172404552,170.26972206144495,14861,2264,22546.14285714286,3771384.001276005
2021-09-05,22044,3719838.2530916114,168.7460648290515,14456,2192,22553.14285714286,3788689.855180443
2021-09-06,22470,3694345.8964860193,164.41236744486068,14608,2142,22608.0,3796590.619692408
2021-09-07,21567,3462645.076356321,160.5529316249975,14216,2141,22546.14285714286,3757756.2249230044
2021-09-08,20907,3379069.316422808,161.62382534188586,13998,2139,22373.14285714286,3704966.0621541976
2021-09-09,22043,3642877.8240452576,165.26234287734235,14526,2214,22255.85714285714,3670061.378171329
2021-09-10,22961,3837582.706913513,167.13482456833384,14814,2252,22149.428571428572,3665965.3208171544
2021-09-11,22373,3684920.5749137346,164.70390984283443,14590,2177,22052.14285714286,3631611.3783184667
2021-09-12,22638,3638531.0218168492,160.72669943532333,14608,2175,22137.0,3619996.059564929
2021-09-13,21363,3518411.0768771917,164.69648817475036,14194,2160,21978.85714285714,3594862.5139065245
2021-09-14,21258,3733309.9392250855,175.6190582004462,14128,2196,21934.714285714286,3633528.922887777
2021-09-15,22896,3844290.3791515543,167.90227022849206,14715,2221,22218.85714285714,3699989.07470617
2021-09-16,23676,4003712.4714757847,169.104260494838,15019,2265,22452.14285714286,3751536.881481959
2021-09-17,24108,3944434.387953265,163.61516459072777,15230,2252,22616.0,3766801.407344781
2021-09-18,22916,3805715.6958123497,166.07242519690826,14784,2221,22693.571428571428,3784057.8531874395
2021-09-19,23039,3914021.958329734,169.8867988337052,14892,2210,22750.85714285714,3823413.7012607087
2021-09-20,22173,3658090.785002183,164.97951495071408,14504,2176,22866.571428571428,3843367.9452785654
2021-09-21,21556,3546557.688628265,164.52763446967273,14296,2172,22909.14285714286,3816689.0523361624
2021-09-22,22365,3710656.201587927,165.91353461157735,14553,2196,22833.285714285714,3797598.4555413583
2021-09-23,23866,4102774.9867269252,171.90878181207262,15137,2245,22860.428571428572,3811750.2434343784
2021-09-24,24160,3991431.4520756193,165.2082554667061,15255,2219,22867.85714285714,3818464.109737572
2021-09-25,23186,3890143.4284643736,167.77984251118664,14901,2211,22906.428571428572,3830525.2144021466
2021-09-26,22722,3742189.592079552,164.69455118737577,14666,2209,22861.14285714286,3805977.733509264
2021-09-27,22115,3566317.884341447,161.26239585536726,14454,2164,22852.85714285714,3792867.3191291587
2021-09-28,21707,3643008.070863225,167.82641870655664,14293,2177,22874.428571428572,3806645.9451627242
2021-09-29,22385,3789770.2819252643,169.29954353027762,14596,2221,22877.285714285714,3817947.956639487
2021-09-30,24288,3980496.533234751,163.88737373331483,15304,2249,22937.571428571428,3800479.6061406047
2021-10-01,24710,4104078.149864227,166.08976729519333,15425,2250,23016.14285714286,3816571.991538977
2021-10-02,23412,3897454.669330128,166.47252132795694,14938,2237,23048.428571428572,3817616.4545197985
2021-10-03,22498,3671747.73221813,163.20329505814428,14655,2169,23016.428571428572,3807553.3316824534
2021-10-04,22217,3775935.101143373,169.95701945102277,14482,2187,23031.0,3837498.648368443
2021-10-05,21761,3586933.9102487634,164.83313773488183,14243,2176,23038.714285714286,3829488.0539949476
2021-10-06,22896,3839581.000549763,167.69658458026566,14762,2214,23111.714285714286,3836603.8709413046
2021-10-07,23851,3987823.3013053806,167.19732092178023,15132,2238,23049.285714285714,3837650.552094252
2021-10-08,23909,4052093.636967137,169.4798459562147,15173,2243,22934.85714285714,3830224.1931089535
2021-10-09,23443,3786674.4168567164,161.5268701470254,14953,2198,22939.285714285714,3814398.4427556093
2021-10-10,23454,3895119.404907779,166.07484458547705,14969,2218,23075.85714285714,3846308.681711273
2021-10-11,23196,3871270.144538194,166.89386724168796,14895,2229,23215.714285714286,3859927.973624819
2021-10-12,22550,3721880.2158649685,165.0501204374709,14662,2198,23328.428571428572,3879206.0172842774
2021-10-13,22931,3740588.6732111205,163.1236611229829,14776,2234,23333.428571428572,3865064.2562359
2021-10-14,24117,4122585.8782461653,170.94107385852988,15299,2273,23371.428571428572,3884316.0529417256
2021-10-15,25278,4138147.1315965643,163.70548032267445,15704,2265,23567.0,3896609.4093173584
2021-10-16,24776,4063915.371178944,164.02629040922443,15500,2268,23757.428571428572,3936215.2599348193
2021-10-17,23969,4044741.7177134147,168.74887219798134,15199,2255,23831.0,3957589.87604991
2021-10-18,23636,4015768.4449177496,169.90050960051403,15012,2232,23893.85714285714,3978232.4903898467
2021-10-19,22405,3882785.0416707825,173.29993491054597,14601,2200,23873.14285714286,4001218.8940763916
2021-10-20,22658,3589202.7079377463,158.4077459589437,14685,2171,23834.14285714286,3979592.3276087665
2021-10-21,23444,3871043.1615678244,165.11871530318308,14973,2217,23738.0,3943657.653797575
2021-10-22,24717,4054071.0931596314,164.019544975508,15323,2271,23657.85714285714,3931646.7911637276
2021-10-23,24041,3982073.8327230415,165.63678019728968,15292,2260,23552.85714285714,3919955.1428128844
2021-10-24,25056,4085071.164651814,163.0376422673936,15558,2286,23708.14285714286,3925716.4923755126
2021-10-25,24069,4074309.760105147,169.27623748826903,15207,2233,23770.0,3934079.537402284
2021-10-26,22934,3789874.2814692063,165.25134217621027,14788,2179,23845.571428571428,3920806.5716592013
2021-10-27,22485,3702790.097672016,164.67823427493954,14576,2216,23820.85714285714,3937033.34162124
2021-10-28,23959,4075324.8203455615,170.09578114051345,15209,2302,23894.428571428572,3966216.4357323456
2021-10-29,25082,4224565.830950569,168.43018224027466,15529,2296,23946.571428571428,3990572.8268453367
2021-10-30,24296,4107266.2595423046,169.05113020835958,15203,2270,23983.0,4008457.4592480883
2021-10-31,21869,3477074.4719068916,158.995586076496,14326,2179,23527.714285714286,3921600.7888559573
2021-11-01,23614,4044568.929933131,171.27843355353312,15027,2239,23462.714285714286,3917352.098831383
2021-11-02,23228,3771335.6727210567,162.3616184226389,14925,2204,23504.714285714286,3914703.7261530757
2021-11-03,23268,3929298.5550501356,168.87134928013305,14988,2233,23616.571428571428,3947062.0772070927
2021-11-04,24776,4273443.557148398,172.48319168341936,15477,2296,23733.285714285714,3975364.7538932124
2021-11-05,26094,4306610.592573517,165.04217799392646,15941,2352,23877.85714285714,3987085.434125062
2021-11-06,25961,4120413.255755014,158.71550617291373,15874,2289,24115.714285714286,3988963.5764411637
2021-11-07,26278,4387989.8706213115,166.9834032506778,15934,2331,24745.571428571428,4119094.34768608
2021-11-08,25666,4284936.620014263,166.94991895948974,15803,2301,25038.714285714286,4153432.589126242
2021-11-09,26178,4292243.114008354,163.96375254062013,15979,2302,25460.14285714286,4227847.937881571
2021-11-10,28836,4651646.158579255,161.31384930570314,16862,2375,26255.571428571428,4331040.452671445
2021-11-11,31021,5174535.668612655,166.8075068054755,17388,2414,27147.714285714286,4459767.897166339
2021-11-12,30548,5055443.055701916,165.4917852462327,17327,2371,27784.0,4566743.963327539
2021-11-13,32466,5490925.250338021,169.12848057469415,17824,2435,28713.285714285714,4762531.391125111
2021-11-14,30849,4988551.722219563,161.70870116436717,17397,2404,29366.285714285714,4848325.941353433
2021-11-15,28996,4825317.2116899565,166.41320222409837,16772,2379,29842.0,4925523.168735675
2021-11-16,26418,4411664.337774851,166.9946376627622,16032,2298,29876.285714285714,4942583.34355946
2021-11-17,26091,4407645.338170272,168.9335532624381,15910,2342,29484.14285714286,4907726.0835010335
2021-11-18,28502,4642736.004757979,162.89158672226438,16767,2373,29124.285714285714,4831754.702950366
2021-11-19,30126,4874635.047556538,161.8082403092524,17140,2429,29064.0,4805924.987501025
2021-11-20,30277,5029433.764502625,166.11400615987796,17231,2386,28751.285714285714,4739997.632381684
2021-11-21,30627,5094595.626209954,166.34327966206138,17272,2399,28719.571428571428,4755146.761523168
2021-11-22,32074,5494409.687664203,171.3041618651931,17721,2439,29159.285714285714,4850731.400948061
2021-11-23,35582,5881281.447859049,165.28810769094062,18606,2517,30468.428571428572,5060676.70238866
2021-11-24,36916,6184228.870344221,167.52164021953138,18909,2575,32014.85714285714,5314474.349842081
2021-11-25,40744,6778939.445337037,166.3788397147319,19714,2603,33763.71428571428,5619646.269924804
2021-11-26,61237,10122530.019754784,165.30088050941072,22230,2878,38208.142857142855,6369345.551667412
2021-11-27,56272,9562480.768748673,169.93319535023943,21832,2830,41921.71428571428,7016923.695131131
2021-11-28,47269,7910223.141934889,167.34483788391736,20680,2709,44299.142857142855,7419156.19737755
2021-11-29,56855,9466356.053169472,166.49997455227285,21830,2845,47839.28571428572,7986577.1067354465
2021-11-30,44457,7346561.31827515,165.2509462688699,20242,2673,49107.142857142855,8195902.802509176
2021-12-01,32486,5435843.794223351,167.3288122336807,17798,2465,48474.28571428572,8088990.648777622
2021-12-02,35085,5869704.61202212,167.29954715753513,18432,2522,47665.857142857145,7959099.958304063
2021-12-03,30979,5102961.271245573,164.72324062253696,17412,2394,43343.28571428572,7242018.708517032
2021-12-04,30103,4847443.430471849,161.0285828811696,17085,2372,39604.857142857145,6568441.945906058
2021-12-05,30745,5262721.485362523,171.1732472064571,17375,2414,37244.28571428572,6190227.423538578
2021-12-06,30755,4954243.5789441075,161.08741924708528,17401,2401,33515.71428571428,5545639.927220668
2021-12-07,28920,4677917.893167628,161.7537307457686,16809,2408,31296.14285714286,5164405.152205308
2021-12-08,30603,4988655.531344276,163.0119769742926,17341,2412,31027.14285714286,5100521.114651153
2021-12-09,32623,5373319.478280985,164.70954474698786,17904,2476,30675.428571428572,5029608.952688134
2021-12-10,34284,5657353.095477833,165.01438267057034,18225,2464,31147.571428571428,5108807.784721315
2021-12-11,34691,5769457.120934583,166.3099109548466,18414,2467,31803.0,5240524.026215991
2021-12-12,34132,5635617.959832357,165.11244462183163,18207,2468,32286.85714285714,5293794.951140253
2021-12-13,33795,5599176.663250491,165.68062326529045,18193,2473,32721.14285714286,5385928.248898308
2021-12-14,33703,5804432.4809723,172.22302112489393,18102,2467,33404.42857142857,5546858.904298975
2021-12-15,34188,5685982.917154821,166.31516664194515,18336,2481,33916.57142857143,5646477.10227191
2021-12-16,34755,5737948.616034184,165.0970685091119,18337,2515,34221.142857142855,5698566.979093797
2021-12-17,34748,5771698.848106861,166.1016129879953,18337,2487,34287.42857142857,5714902.086612229
2021-12-18,33356,5550407.24276614,166.39906591815986,18049,2506,34096.71428571428,5683609.246873879
2021-12-19,32249,5303906.067581323,164.46730340727845,17784,2411,33827.71428571428,5636221.83369516
2021-12-20,30239,5064496.467747597,167.48227347953295,17252,2426,33319.71428571428,5559838.948623319
2021-12-21,28376,4823551.51834449,169.98701432000598,16662,2332,32558.714285714286,5419713.096819346
2021-12-22,27717,4716745.921626974,170.17519650853174,16605,2352,31634.285714285714,5281250.668886796
2021-12-23,29268,4875255.924322616,166.57290981012082,16944,2375,30850.428571428572,5158008.855785144
2021-12-24,26983,4494659.366049373,166.5737451747164,16153,2321,29741.14285714286,4975574.644062645
2021-12-25,17579,2812738.639669456,160.00561122188157,12477,2059,27487.285714285714,4584479.129334547
2021-12-26,44819,7618964.841869448,169.99408380083108,20388,2684,29283.0,4915201.811375707
2021-12-27,30895,5233974.287212179,169.41169403502764,17417,2430,29376.714285714286,4939412.928442076
2021-12-28,27311,4710884.435880913,172.49036783277484,16381,2325,29224.571428571428,4923317.63094728
2021-12-29,25065,4079854.6052158135,162.7709796615126,15501,2280,28845.714285714286,4832333.157174258
2021-12-30,25267,4156411.088016641,164.49958792166228,15642,2298,28274.14285714286,4729641.037701975
2021-12-31,21928,3749551.6317589777,170.99378109079615,14452,2194,27552.0,4623197.07566049
2022-01-01,15464,2653830.7144912193,171.61347093192055,11444,1990,27249.85714285714,4600495.94349217
2022-01-02,17590,2938283.5470416616,167.0428395134543,12400,2024,23360.0,3931827.1870882013
2022-01-03,17862,3033929.882880825,169.85387318781912,12709,2053,21498.14285714286,3617535.1293265787
2022-01-04,16335,2655946.0066913343,162.59234812925217,11849,1975,19930.14285714286,3323972.49658521
2022-01-05,16125,2743205.656110327,170.12128099909006,11731,2017,18653.0,3133022.6467129984
2022-01-06,15914,2640828.6342805373,165.94373723014562,11630,1969,17316.85714285714,2916510.86760784
2022-01-07,17436,2774869.1757348757,159.1459724555446,12367,2027,16675.14285714286,2777270.5167472544
2022-01-08,18123,2907483.999493136,160.4306130051943,12757,2059,17055.0,2813506.700318957
2022-01-09,18533,3195141.6635952066,172.40283082043956,12955,2069,17189.714285714286,2850200.716969463
2022-01-10,18544,3109025.1664342424,167.6566634185851,12992,2108,17287.14285714286,2860928.614619951
2022-01-11,16949,2870255.49686404,169.34659843436427,12195,1991,17374.85714285714,2891544.256073195
2022-01-12,16704,2882391.325390727,172.55695195107322,12016,2020,17457.571428571428,2911427.923113252
2022-01-13,16578,2791449.278346027,168.38275294643665,11995,1991,17552.428571428572,2932945.1579797505
2022-01-14,17946,2936283.5478056776,163.6177169177353,12660,2068,17625.285714285714,2956004.353989865
2022-01-15,18848,3207166.794655578,170.15952857892498,13047,2114,17728.85714285714,2998816.1818702137
2022-01-16,18998,3227719.9962157793,169.8978837885977,13184,2077,17795.285714285714,3003470.229387439
2022-01-17,18823,3146734.008434402,167.17494599343365,13043,2073,17835.14285714286,3008857.206816033
2022-01-18,17625,2913154.9688998624,165.28538830637518,12432,2043,17931.714285714286,3014985.7028211504
2022-01-19,16712,2667155.0914108255,159.59520652290723,12026,1985,17932.85714285714,2984237.6693954505
2022-01-20,17239,2844866.7084785327,165.02504254762647,12332,2032,18027.285714285714,2991868.730842951
2022-01-21,18647,3070378.8192508267,164.65805862877818,12927,2075,18127.428571428572,3011025.198192258
2022-01-22,19405,3240745.7911433657,167.00570941218066,13316,2135,18207.0,3015822.1976905135
2022-01-23,19382,3283011.7758004097,169.3845720668873,13275,2094,18261.85714285714,3023721.0233454606
2022-01-24,18786,3090897.582033546,164.53196966004185,12940,2083,18256.571428571428,3015744.391002481
2022-01-25,17962,2988800.2723104735,166.3957394672349,12668,2093,18304.714285714286,3026550.8629182833
2022-01-26,16498,2796329.178232727,169.49504050386273,11952,2004,18274.14285714286,3045004.30389284
2022-01-27,16700,2849995.814335856,170.65843199615904,12141,2027,18197.14285714286,3045737.0333010294
2022-01-28,18600,3081317.5201031165,165.66223226360842,13009,2069,18190.428571428572,3047299.7048513563
2022-01-29,19174,3179068.2126904232,165.80099158706702,13228,2107,18157.428571428572,3038488.622215222
2022-01-30,19485,3191529.634467006,163.7941819074676,13289,2067,18172.14285714286,3025419.7448818786
2022-01-31,19491,3415733.950037528,175.24672669629715,13367,2124,18272.85714285714,3071824.940311019
2022-02-01,17783,2836176.49835914,159.4880784096688,12526,2001,18247.285714285714,3050021.544032257
2022-02-02,17313,2863492.6234503314,165.39551917347262,12396,2051,18363.714285714286,3059616.3219204857
2022-02-03,17270,2877346.591888406,166.60953050888278,12269,2054,18445.14285714286,3063523.575856564
2022-02-04,18642,3009683.6661762027,161.44639342217587,13066,2045,18451.14285714286,3053290.1681527197
2022-02-05,19130,3197806.532506786,167.16186787803375,13257,2128,18444.85714285714,3055967.0709836287
2022-02-06,19311,3096294.370142267,160.3383755446257,13243,2055,18420.0,3042362.0332229515
2022-02-07,19379,3124480.7919157585,161.2302385012518,13313,2088,18404.0,3000754.439205556
2022-02-08,18506,3113590.7009241707,168.24763324998221,12960,2074,18507.285714285714,3040385.039571989
2022-02-09,17975,2978574.5389110562,165.7065112050657,12732,2063,18601.85714285714,3056825.313209235
2022-02-10,17785,2959779.840907196,166.42000792281112,12616,2009,18675.428571428572,3068601.491640491
2022-02-11,19265,3168218.5112038455,164.4546333352632,13227,2100,18764.428571428572,3091249.3266444397
2022-02-12,20026,3438830.6956511755,171.71830099127013,13540,2129,18892.428571428572,3125681.3499507816
2022-02-13,20875,3494484.5526258466,167.400457610819,13946,2159,19115.85714285714,3182565.66173415
2022-02-14,19895,3252665.3522183048,163.49159850305628,13521,2113,19189.571428571428,3200877.7417773707
2022-02-15,18527,3009836.6608451065,162.45677448292258,13005,2066,19192.571428571428,3186055.7360517904
2022-02-16,17456,3001966.233535932,171.97331768652222,12429,2025,19118.428571428572,3189397.406712487
2022-02-17,17464,2836268.9605000513,162.40660561727276,12432,2046,19072.571428571428,3171752.9952257513
2022-02-18,18792,3000332.9282015553,159.66011750753273,13080,2050,19005.0,3147769.340511139
2022-02-19,19357,3326870.7685512896,171.8691309888562,13351,2086,18909.428571428572,3131775.065211155
2022-02-20,19691,3304307.6383184935,167.8080157594075,13485,2133,18740.285714285714,3104606.934595819
2022-02-21,20137,3359485.6412929613,166.83148638292502,13567,2134,18774.85714285714,3119866.9758921983
2022-02-22,17991,3098191.816526067,172.20787152054177,12687,2066,18698.285714285714,3132489.1409894787
2022-02-23,18068,2970966.367890694,164.43249766939863,12763,2094,18785.714285714286,3128060.5887544444
2022-02-24,18193,3041036.5093039796,167.15420817369207,12837,2037,18889.85714285714,3157313.0957264346
2022-02-25,19707,3331997.4245628435,169.0768470372377,13471,2087,19020.571428571428,3204693.738063761
2022-02-26,20527,3447607.018549151,167.95474343786967,13807,2165,19187.714285714286,3221941.7737777415
2022-02-27,20778,3554074.332521633,171.049876432844,13979,2140,19343.0,3257622.7300924757
2022-02-28,20925,3468015.0784509582,165.73548762011748,14019,2173,19455.571428571428,3273126.935400761
2022-03-01,18191,3036450.09028423,166.92046013326535,12750,2029,19484.14285714286,3264306.6887947842
2022-03-02,18391,3148137.119909106,171.17813712735065,12845,2087,19530.285714285714,3289616.7962259864
2022-03-03,19262,3217711.7876944267,167.0497242079964,13305,2101,19683.0,3314856.1217103354
2022-03-04,20198,3390141.977497834,167.84542912653896,13695,2162,19753.14285714286,3323162.486415334
2022-03-05,21188,3543960.3278973815,167.26261694814903,14050,2121,19847.571428571428,3336927.2448936524
2022-03-06,20399,3419770.6816824344,167.6440355744122,13752,2118,19793.428571428572,3317741.0090594813
2022-03-07,20126,3324493.2613051594,165.1840038410593,13630,2118,19679.285714285714,3297237.892324367
2022-03-08,19693,3291592.616122901,167.14531133513944,13576,2089,19893.85714285714,3333686.824587035
2022-03-09,19016,3168811.4857483837,166.6392241138191,13132,2132,19983.14285714286,3336640.3054212173
2022-03-10,19538,3236562.009047486,165.65472459041283,13360,2123,20022.571428571428,3339333.19418594
2022-03-11,20743,3572288.0697782217,172.21655834634439,13925,2176,20100.428571428572,3365354.0645117094
2022-03-12,21402,3623531.087881962,169.3080594281825,14186,2189,20131.0,3376721.3159380783
2022-03-13,21982,3622980.015911263,164.8157590715705,14422,2180,20357.14285714286,3405751.220827911
2022-03-14,22230,3702134.4919316773,166.53776391955364,14535,2203,20657.714285714286,3459699.9680602704
2022-03-15,20401,3384755.062546846,165.911232907546,13788,2136,20758.85714285714,3473008.888977977
2022-03-16,19513,3283496.7959718807,168.27226956243945,13403,2159,20829.85714285714,3489392.5047241906
2022-03-17,22684,3795890.7493754746,167.3378041516256,14668,2216,21279.285714285714,3569296.6104853316
2022-03-18,24687,4116554.5279399473,166.74988973710646,15495,2234,21842.714285714286,3647048.961651293
2022-03-19,25138,4218520.393234385,167.81447980087458,15588,2272,22376.428571428572,3732047.433844496
2022-03-20,24953,4277616.829414867,171.42695585359945,15575,2292,22800.85714285714,3825566.9786307253
2022-03-21,24818,4189886.157237307,168.82448856625462,15504,2306,23170.571428571428,3895245.7879601014
2022-03-22,21860,3629533.271529776,166.03537381197512,14341,2165,23379.0,3930214.1035290915
2022-03-23,19490,3239056.8917712867,166.19070763321122,13353,2124,23375.714285714286,3923865.5457861493
2022-03-24,19869,3405228.0308006513,171.38396652074343,13526,2108,22973.571428571428,3868056.5859897463
2022-03-25,22765,3788063.7223916533,166.3985821388822,14709,2183,22699.0,3821129.328054275
2022-03-26,23025,3892645.7162128016,169.06170320142462,14800,2204,22397.14285714286,3774575.802765478
2022-03-27,22003,3629907.919882619,164.97331817854925,14454,2222,21975.714285714286,3682045.9585465854
2022-03-28,22343,3732528.856000945,167.05584997542607,14545,2219,21622.14285714286,3616709.201227105
2022-03-29,20392,3392575.9144943217,166.3679832529581,13769,2148,21412.428571428572,3582858.15022204
2022-03-30,19971,3308606.371199435,165.67054084419584,13608,2132,21481.14285714286,3592793.7901403466
2022-03-31,21697,3686230.1917432407,169.89584697162007,14339,2188,21742.285714285714,3632936.9559892877
2022-04-01,22301,3704248.321816462,166.10234168048348,14552,2229,21676.0,3620963.327335689
2022-04-02,21501,3519868.748082284,163.7072112033061,14210,2157,21458.285714285714,3567709.474745616
2022-04-03,22352,3675363.0794721646,164.43106117896227,14570,2182,21508.14285714286,3574203.068972693
2022-04-04,20524,3521769.7949899,171.59275945185638,13811,2105,21248.285714285714,3544094.6316854013
2022-04-05,21118,3344396.498614239,158.36710382679416,14069,2156,21352.0,3537211.8579882463
2022-04-06,20214,3403081.737992362,168.35271287188888,13746,2149,21386.714285714286,3550708.338958665
2022-04-07,20999,3496114.0167306773,166.48954791802836,13993,2157,21287.0,3523548.8853854416
2022-04-08,22032,3675764.389191828,166.83752674254848,14446,2205,21248.571428571428,3519479.752153351
2022-04-09,22402,3624567.6828623796,161.79661114464687,14544,2205,21377.285714285714,3534436.7428362216
2022-04-10,22474,3728106.863980186,165.8853281116039,14736,2225,21394.714285714286,3541971.5691945106
2022-04-11,22624,3777701.488481345,166.97761176102128,14807,2176,21694.714285714286,3578533.239693288
2022-04-12,20631,3437503.997355725,166.61838967358466,13848,2126,21625.14285714286,3591834.310942072
2022-04-13,21397,3625772.097163746,169.45235767461543,14140,2206,21794.14285714286,3623647.2193951267
2022-04-14,22312,3788147.466393287,169.7807218713377,14467,2220,21981.714285714286,3665366.2836326426
2022-04-15,24616,4126989.17368532,167.6547438123708,15393,2287,22350.85714285714,3729826.9671317125
2022-04-16,24695,4076642.813919266,165.0796847102355,15440,2212,22678.428571428572,3794409.128711268
2022-04-17,23575,3963359.627029934,168.11705735015627,15014,2207,22835.714285714286,3828016.666289803
2022-04-18,24198,4163023.0205552108,172.03996282978804,15278,2270,23060.571428571428,3883062.5994432126
2022-04-19,21536,3683792.016111915,171.05274963372563,14285,2183,23189.85714285714,3918246.602122668
2022-04-20,22769,3808061.1055603833,167.24762201064533,14779,2167,23385.85714285714,3944287.889036474
2022-04-21,22891,3878086.880742686,169.41535453858222,14744,2225,23468.571428571428,3957136.3768006735
2022-04-22,23799,4064028.324945828,170.7646676308176,15202,2286,23351.85714285714,3948141.969837889
2022-04-23,23406,4077852.5384338223,174.22253005356842,14943,2248,23167.714285714286,3948314.7876256825
2022-04-24,22503,3684831.16650582,163.74844094146647,14601,2193,23014.571428571428,3908525.0075508095
2022-04-25,20822,3594697.1249051197,172.63937781697817,13928,2126,22532.285714285714,3827335.5938865105
2022-04-26,21900,3602858.409058205,164.51408260539748,14380,2191,22584.285714285714,3815773.6500216946
2022-04-27,21747,3541956.0899808295,162.87102082957784,14270,2146,22438.285714285714,3777758.6477960446
2022-04-28,23401,3771305.3298077937,161.1600072564332,14975,2277,22511.14285714286,3762504.140519631
2022-04-29,24752,4112741.5881292927,166.15795039307096,15484,2219,22647.285714285714,3769463.1781172687
2022-04-30,25541,4301341.914214886,168.40929933107105,15734,2313,22952.285714285714,3801390.231800278
2022-05-01,24642,4183376.6411890066,169.76611643490816,15414,2277,23257.85714285714,3872611.0138978763
2022-05-02,24441,4036724.796989953,165.1620145243629,15427,2272,23774.85714285714,3935757.824195709
2022-05-03,23511,3823438.37931111,162.6233839186385,15066,2246,24005.0,3967269.2485175533
2022-05-04,22913,3866907.723125049,168.76479392157503,14808,2215,24171.571428571428,4013690.9103952986
2022-05-05,24084,4048242.033176732,168.08844183593803,15255,2298,24269.14285714286,4053253.2965908614
2022-05-06,24688,3938463.8766509923,159.5294830140551,15523,2282,24260.0,4028356.4806653894
2022-05-07,24970,4046184.304243076,162.0418223565509,15558,2282,24178.428571428572,3991905.39352656
2022-05-08,24154,4008205.795713753,165.94376897051225,15272,2263,24108.714285714286,3966880.987030095
2022-05-09,23735,3782616.1180228055,159.36870099105985,15035,2223,24007.85714285714,3930579.7471776456
2022-05-10,22297,3778871.61469264,169.47892607492668,14602,2198,23834.428571428572,3924213.066517864
2022-05-11,22110,3629733.5009986535,164.16705115326337,14431,2194,23719.714285714286,3890331.0347855217
2022-05-12,23069,3903354.329591593,169.20344746593233,14856,2232,23574.714285714286,3869632.791416216
2022-05-13,24191,3909671.444211051,161.61677666119843,15291,2203,23503.714285714286,3865519.586781939
2022-05-14,25226,4245588.982183858,168.30210822896447,15694,2310,23540.285714285714,3894005.9693449074
2022-05-15,25263,4237525.407250248,167.73642905633724,15581,2303,23698.714285714286,3926765.913850121
2022-05-16,25605,4143451.6527075437,161.8219743295272,15744,2235,23965.85714285714,3978313.847376513
2022-05-17,24224,4106891.6995968604,169.53813158837767,15252,2254,24241.14285714286,4025173.859505687
2022-05-18,24311,3923392.9709239188,161.38344662596845,15454,2233,24555.571428571428,4067125.2123521534
2022-05-19,25907,4489561.3087494,173.295298905678,15918,2310,24961.0,4150869.066517554
2022-05-20,26770,4453899.996699503,166.3765407807061,16205,2315,25329.428571428572,4228616.002587332
2022-05-21,26676,4417363.337872305,165.59316756156488,16144,2329,25536.571428571428,4253155.196257112
2022-05-22,26088,4244164.358390235,162.68645961324117,16007,2314,25654.428571428572,4254103.617848539
2022-05-23,24639,4084947.9866926237,165.7919553022697,15327,2307,25516.428571428572,4245745.951274978
2022-05-24,23838,3874654.4983086335,162.54108978557906,15163,2233,25461.285714285714,4212569.208233803
2022-05-25,23767,3881140.8603438875,163.29956916497193,15197,2202,25383.571428571428,4206533.192436655
2022-05-26,23419,3873458.785843516,165.39812911924147,14999,2197,25028.14285714286,4118518.5463072434
2022-05-27,25348,4243242.130893789,167.39948441272642,15722,2315,24825.0,4088424.5654778555
2022-05-28,26759,4391131.622345851,164.099242211811,16171,2342,24836.85714285714,4084677.1775455056
2022-05-29,25457,4263125.539322596,167.46378360853973,15765,2278,24746.714285714286,4087385.9176786994
2022-05-30,24988,4284937.650907934,171.47981634816446,15523,2294,24796.571428571428,4115955.869709458
2022-05-31,25589,4202748.888025853,164.24045050708713,15778,2291,25046.714285714286,4162826.496811918
2022-06-01,23237,3898467.6408170452,167.769834351123,14942,2251,24971.0,4165301.751165226
2022-06-02,23761,4082061.5926920786,171.79670858516386,15114,2261,25019.85714285714,4195102.152143592
2022-06-03,24918,4199902.415522371,168.54893713469667,15570,2281,24958.428571428572,4188910.7642333894
2022-06-04,25044,4184768.489482822,167.09664947623472,15603,2268,24713.428571428572,4159430.316681529
2022-06-05,25223,4307819.189403157,170.78932678123763,15619,2276,24680.0,4165815.1238358943
2022-06-06,24888,4082261.4144211835,164.02528987548953,15545,2231,24665.714285714286,4136861.375766359
2022-06-07,24295,3997480.969368253,164.53924549776715,15258,2254,24480.85714285714,4107537.3873867015
2022-06-08,24157,3881706.993779114,160.68663301648027,15267,2207,24612.285714285714,4105143.0092384256
2022-06-09,24665,3949200.2120496696,160.1135297810529,15495,2269,24741.428571428572,4086162.8120037955
2022-06-10,25439,4189849.7595254816,164.70182631099814,15779,2281,24815.85714285714,4084726.718289954
2022-06-11,25598,4205866.906693208,164.30451233272944,15758,2302,24895.0,4087740.7778914385
2022-06-12,24785,4101976.8351316955,165.50239399361288,15533,2277,24832.428571428572,4058334.727281229
2022-06-13,24742,4309383.970048534,174.17282232837013,15510,2272,24811.571428571428,4090780.806656565
2022-06-14,24482,4111596.474070672,167.94365142025455,15500,2284,24838.285714285714,4107083.0216140533
2022-06-15,24250,4165892.7207681728,171.78939054714115,15297,2290,24851.571428571428,4147680.9826124907
2022-06-16,25644,4153353.1076604025,161.9619836086571,15804,2274,24991.428571428572,4176845.6819854523
2022-06-17,26128,4244903.534207459,162.46568945986905,15866,2293,25089.85714285714,4184710.5069400207
2022-06-18,26447,4388656.188352342,165.94155058616636,16043,2343,25211.14285714286,4210823.261462754
2022-06-19,24923,4285052.613069664,171.9316540171594,15595,2304,25230.85714285714,4236976.944025321
2022-06-20,25682,4359007.871090319,169.73007830738723,15794,2295,25365.14285714286,4244066.072745576
2022-06-21,24920,4139309.626808705,166.103917608696,15559,2262,25427.714285714286,4248025.094565295
2022-06-22,24373,4069095.537451453,166.95095135811977,15348,2249,25445.285714285714,4234196.925520049
2022-06-23,24342,4013309.1569718737,164.87179184010654,15366,2265,25259.285714285714,4214190.646850259
2022-06-24,26112,4283298.978204038,164.0356532706816,16030,2302,25257.0,4219675.710278342
2022-06-25,26662,4493450.397189379,168.53388332418342,16075,2312,25287.714285714286,4234646.311540776
2022-06-26,26022,4377668.9464058615,168.22953448642923,15953,2282,25444.714285714286,4247877.21630309
2022-06-27,25928,4225108.7482891595,162.95544385564483,15937,2298,25479.85714285714,4228748.770188638
2022-06-28,25079,4061633.2122815577,161.9535552566513,15579,2224,25502.571428571428,4217652.1395419035
2022-06-29,25357,4125238.290858365,162.68637026692295,15606,2288,25643.14285714286,4225672.532885748
2022-06-30,27081,4290667.081103785,158.43828075417395,16300,2284,26034.428571428572,4265295.093476021
2022-07-01,26283,4477889.6075519305,170.3720887095054,15928,2307,26058.85714285714,4293093.754811434
2022-07-02,26221,4363895.51700413,166.42750150658367,16010,2302,25995.85714285714,4274585.91478497
2022-07-03,24725,4103556.9337453237,165.96792451952774,15468,2259,25810.571428571428,4235427.0558334645
2022-07-04,23660,3908225.6191010084,165.1828241378279,15090,2221,25486.571428571428,4190158.0373780145
2022-07-05,23739,3984294.0831508823,167.837486126243,15091,2218,25295.14285714286,4179109.5903593465
2022-07-06,22863,3864722.2759745736,169.0382835137372,14768,2235,24938.85714285714,4141893.016804519
2022-07-07,23648,4005849.6508676987,169.3948600671388,14976,2255,24448.428571428572,4101204.812485079
2022-07-08,25172,4017230.88257219,159.59124751995034,15686,2327,24289.714285714286,4035396.423202258
2022-07-09,25902,4293851.346762546,165.77296528308804,15890,2292,24244.14285714286,4025390.1131677455
2022-07-10,24963,4072335.680443313,163.13486682062705,15530,2317,24278.14285714286,4020929.9341246015
2022-07-11,24169,4014070.695482053,166.0834414118107,15270,2255,24350.85714285714,4036050.6593218935
2022-07-12,24046,3866250.6906188163,160.78560636358714,15191,2255,24394.714285714286,4019187.3175315983
2022-07-13,24702,4129347.1497451453,167.16651079852423,15422,2258,24657.428571428572,4056990.8709273944
2022-07-14,26238,4376358.932847448,166.79468453569052,16013,2317,25027.428571428572,4109920.7683530725
2022-07-15,28254,4664921.667239317,165.1065925971302,16617,2344,25467.714285714286,4202448.0233055195
2022-07-16,28102,4775233.944640713,169.92505674474106,16647,2344,25782.0,4271216.9658595435
2022-07-17,25967,4213942.151382206,162.28066974938213,15918,2296,25925.428571428572,4291446.461707957
2022-07-18,25735,4250666.709067285,165.17065121691414,15750,2273,26149.14285714286,4325245.892220133
2022-07-19,25736,4323327.381744875,167.98754203236223,15766,2251,26390.571428571428,4390542.562380998
2022-07-20,25021,4134022.376032034,165.2221084701664,15604,2261,26436.14285714286,4391210.451850554
2022-07-21,25790,4375575.137154194,169.6616958958586,15866,2273,26372.14285714286,4391098.481037231
2022-07-22,26706,4329586.111291728,162.12035165474904,16164,2312,26151.0,4343193.401616148
2022-07-23,27267,4597689.665342428,168.6173640423379,16273,2351,26031.714285714286,4317829.933144964
2022-07-24,25996,4264131.787126315,164.0303041670378,15874,2286,26035.85714285714,4324999.881108408
2022-07-25,25488,4196604.1242684955,164.65019319948587,15753,2245,26000.571428571428,4317276.654708581
2022-07-26,24933,4182395.1810506238,167.74536481974187,15536,2268,25885.85714285714,4297143.483180831
2022-07-27,24765,4171269.9437857587,168.4340780854334,15473,2268,25849.285714285714,4302464.564288506
2022-07-28,25417,4193434.6949602035,164.98543081245637,15711,2304,25796.0,4276444.501117936
2022-07-29,26528,4213057.179183984,158.81548474004765,16154,2295,25770.571428571428,4259797.510816829
2022-07-30,27166,4467530.895050664,164.45302565893633,16289,2336,25756.14285714286,4241203.400775149
2022-07-31,26271,4412269.284417534,167.95208726038348,15959,2345,25795.428571428572,4262365.90038818
2022-08-01,25314,4283467.5753848385,169.21338292584494,15640,2289,25770.571428571428,4274774.964833372
2022-08-02,24153,3957010.4371905173,163.83101218028887,15250,2219,25659.14285714286,4242577.144281929
2022-08-03,24276,3936607.6981612802,162.16047529087496,15343,2263,25589.285714285714,4209053.966335574
2022-08-04,25042,4140793.514973174,165.35394596969786,15659,2283,25535.714285714286,4201533.797765999
2022-08-05,25746,4281251.350577918,166.28801952062136,15800,2328,25424.0,4211275.822250847
2022-08-06,26991,4530348.939432902,167.84665034392583,16295,2301,25399.0,4220249.828591166
2022-08-07,26047,4308722.091489842,165.4210500821531,15845,2333,25367.0,4205457.372458639
2022-08-08,26131,4336050.598925175,165.93511916593988,15964,2328,25483.714285714286,4212969.232964401
2022-08-09,24806,4077447.0748484456,164.37342073887146,15537,2254,25577.0,4230174.466915534
2022-08-10,24667,4295708.650282131,174.14799733579807,15437,2285,25632.85714285714,4281474.602932798
2022-08-11,24680,4091884.171821903,165.79757584367516,15496,2268,25581.14285714286,4274487.553911188
2022-08-12,26291,4358652.188905027,165.78495260374373,15983,2286,25659.0,4285544.816529347
2022-08-13,27494,4574321.90378741,166.3752783802797,16334,2333,25730.85714285714,4291826.66857999
2022-08-14,28920,4757485.423568335,164.50502847746665,16811,2339,26141.285714285714,4355935.716019775
2022-08-15,28423,4753951.927309043,167.25721870699937,16689,2395,26468.714285714286,4415635.905788899
2022-08-16,27704,4527056.1973325005,163.40803484451706,16398,2325,26882.714285714286,4479865.780429479
2022-08-17,25074,4103573.3945804667,163.6585066036718,15623,2262,26940.85714285714,4452417.8867578115
2022-08-18,26381,4345270.851887982,164.71213569948003,15999,2311,27183.85714285714,4488615.983910109
2022-08-19,29577,4962916.3429902885,167.796475064756,17040,2353,27653.285714285714,4574939.434493718
2022-08-20,31891,5361524.41290037,168.120297667065,17750,2437,28281.428571428572,4687396.93579557
2022-08-21,30622,5021405.876666665,163.98033690375107,17376,2416,28524.571428571428,4725099.85766676
2022-08-22,29323,4995335.594280004,170.35554323500335,17086,2416,28653.14285714286,4759583.238662611
2022-08-23,26142,4386910.967008297,167.8108395305752,15928,2313,28430.0,4739562.491473439
2022-08-24,24828,4181870.2704163766,168.4336342200893,15455,2232,28394.85714285714,4750747.759449998
2022-08-25,25881,4155901.50488252,160.57731559377612,15935,2278,28323.428571428572,4723694.9955920745
2022-08-26,26882,4582486.341584888,170.4667190530797,16131,2333,27938.428571428572,4669347.85253416
2022-08-27,27428,4380623.800321867,159.71357008611153,16293,2329,27300.85714285714,4529219.193594374
2022-08-28,27030,4557212.399587264,168.59831297030203,16302,2351,26787.714285714286,4462905.839725888
2022-08-29,26431,4425329.042104442,167.4294972609603,16047,2297,26374.571428571428,4381476.332272236
2022-08-30,26417,4295309.129376365,162.59640115745032,15983,2331,26413.85714285714,4368390.355467674
2022-08-31,26552,4303125.642630292,162.06408717348194,16139,2299,26660.14285714286,4385712.551498234
2022-09-01,26571,4453850.230341493,167.62072298150213,16130,2353,26758.714285714286,4428276.65513523
2022-09-02,27735,4687558.334800914,169.01237911667258,16396,2324,26880.571428571428,4443286.939880377
2022-09-03,28543,4764714.795199852,166.9311142907141,16731,2342,27039.85714285714,4498157.0820058035
2022-09-04,27563,4603151.857064173,167.00474756246317,16512,2368,27116.0,4504719.861645361
2022-09-05,26081,4246087.577048553,162.8038640024751,15959,2317,27066.0,4479113.938065949
2022-09-06,27229,4601191.792942765,168.98129909077693,16293,2354,27182.0,4522811.461432578
2022-09-07,25569,4251866.317851713,166.28989471045847,15763,2307,27041.571428571428,4515488.7007499235
2022-09-08,25866,4077703.5848167967,157.6472428986622,15785,2276,26940.85714285714,4461753.465674967
2022-09-09,27108,4595719.880100692,169.53371256089315,16224,2320,26851.285714285714,4448633.686432078
2022-09-10,27758,4609976.158579361,166.0773888096895,16412,2345,26739.14285714286,4426528.166914864
2022-09-11,26638,4461866.776189726,167.5000666787944,16109,2319,26607.0,4406344.5839328
2022-09-12,26763,4440642.276785552,165.9246824640568,16118,2297,26704.428571428572,4434138.1124666575
2022-09-13,25785,4196204.984195858,162.73821928236796,15859,2304,26498.14285714286,4376282.8540742425
2022-09-14,25308,4163183.46934177,164.50069026954995,15693,2260,26460.85714285714,4363613.8757156795
2022-09-15,27649,4426054.121899423,160.08007963757905,16488,2320,26715.571428571428,4413378.238156054
2022-09-16,28579,4792100.509385138,167.67908287151886,16670,2373,26925.714285714286,4441432.613768118
2022-09-17,29064,4892022.058018213,168.31895327615652,16898,2382,27112.285714285714,4481724.885116526
2022-09-18,27677,4592542.580146385,165.93353976754653,16455,2375,27260.714285714286,4500392.857110335
2022-09-19,28005,4590365.614108286,163.9123590111868,16454,2333,27438.14285714286,4521781.905299297
2022-09-20,26681,4392772.298423284,164.64046693989295,16271,2312,27566.14285714286,4549862.950188928
2022-09-21,26271,4387685.686616061,167.01631786441556,15973,2282,27703.714285714286,4581934.695513828
2022-09-22,26828,4385144.07399183,163.45400603816276,16177,2303,27586.428571428572,4576090.4029556
2022-09-23,28193,4680415.508984526,166.01339016722326,16623,2348,27531.285714285714,4560135.402898369
2022-09-24,29139,4780986.357941386,164.0751692900026,16925,2357,27542.0,4544273.160030251
2022-09-25,27915,4479266.022643418,160.46089996931462,16545,2346,27576.0,4528090.794672685
2022-09-26,27960,4522991.641183826,161.76651077195373,16532,2336,27569.571428571428,4518465.941397762
2022-09-27,26411,4243316.829485129,160.66475443887504,16050,2314,27531.0,4497115.160120882
2022-09-28,26099,4286003.4719225075,164.2209844025636,15913,2300,27506.428571428572,4482589.129450374
2022-09-29,26675,4446746.1671755435,166.7008872418198,16104,2299,27484.571428571428,4491389.4284766195
2022-09-30,29433,4792396.337793559,162.8239166171834,16966,2342,27661.714285714286,4507386.689735053
2022-10-01,29826,4895552.570754244,164.1370807602174,17218,2423,27759.85714285714,4523753.291565461
2022-10-02,28716,4649808.071959418,161.92394734501386,16850,2339,27874.285714285714,4548116.441467746
2022-10-03,27151,4385453.625680827,161.52088783767914,16302,2339,27758.714285714286,4528468.153538747
2022-10-04,27046,4524102.803877505,167.2743771307219,16260,2334,27849.428571428572,4568580.435594801
2022-10-05,26240,4414862.237168366,168.24932306281883,15909,2308,27869.571428571428,4586988.830629923
2022-10-06,27178,4466218.059295485,164.3321090328753,16365,2334,27941.428571428572,4589770.5295042
2022-10-07,28963,4805617.050214918,165.92262715239852,16908,2357,27874.285714285714,4591659.2027072515
2022-10-08,29070,4779328.5494900085,164.40758684176157,16958,2350,27766.285714285714,4575055.771098075
2022-10-09,28231,4703082.5065578725,166.59284143522626,16619,2367,27697.0,4582666.404612141
2022-10-10,28508,4813250.4699712675,168.8385881146088,16702,2344,27890.85714285714,4643780.239510775
2022-10-11,27976,4673086.504980875,167.03912299760063,16580,2336,28023.714285714286,4665063.625382685
2022-10-12,27191,4489280.121377973,165.1016925224513,16222,2345,28159.571428571428,4675694.751698343
2022-10-13,27501,4554919.674544176,165.62741989542837,16471,2342,28205.714285714286,4688366.411019584
2022-10-14,29091,4873173.396561088,167.51481202299982,16854,2416,28224.0,4698017.317640466
2022-10-15,30177,5131688.672640376,170.05297652650614,17164,2393,28382.14285714286,4748354.478090518
2022-10-16,29645,4896147.896085685,165.1593150981847,17081,2399,28584.14285714286,4775935.248023063
2022-10-17,29105,4772032.201297066,163.95918918732403,16871,2356,28669.428571428572,4770046.923926748
2022-10-18,28623,4818284.379152138,168.33610659791557,16772,2393,28761.85714285714,4790789.477379786
2022-10-19,27228,4506007.476101665,165.49168047971443,16252,2292,28767.14285714286,4793179.099483171
2022-10-20,27241,4584099.614681886,168.279417594137,16329,2327,28730.0,4797347.6623599855
2022-10-21,28233,4726089.4645771105,167.39593612358271,16624,2385,28607.428571428572,4776335.6720765615
2022-10-22,29366,4833730.96216628,164.6029749426643,16995,2390,28491.571428571428,4733770.284865976
2022-10-23,28872,4854269.089531763,168.13068334482418,16817,2378,28381.14285714286,4727787.598215415
2022-10-24,29752,4890374.5114085805,164.37128634742473,17149,2385,28473.571428571428,4744693.64251706
2022-10-25,29011,4901128.797835289,168.9403604782768,16918,2408,28529.0,4756528.559471796
2022-10-26,27691,4436872.797912253,160.2279729122189,16478,2335,28595.14285714286,4746652.176873309
