seifa_postcode,seifa_match_status,consumer_rows
0200,postcode_not_in_seifa,145
0801,postcode_not_in_seifa,147
0804,postcode_not_in_seifa,156
0811,postcode_not_in_seifa,171
0813,postcode_not_in_seifa,157
0814,postcode_not_in_seifa,137
0815,postcode_not_in_seifa,156
0821,postcode_not_in_seifa,172
0831,postcode_not_in_seifa,143
0851,postcode_not_in_seifa,139
0861,postcode_not_in_seifa,168
0871,postcode_not_in_seifa,184
0881,postcode_not_in_seifa,164
0906,postcode_not_in_seifa,178
0907,postcode_not_in_seifa,169
0909,postcode_not_in_seifa,140
1001,postcode_not_in_seifa,162
1002,postcode_not_in_seifa,160
1003,postcode_not_in_seifa,178
1004,postcode_not_in_seifa,162
1005,postcode_not_in_seifa,155
1006,postcode_not_in_seifa,168
1007,postcode_not_in_seifa,163
1008,postcode_not_in_seifa,143
1009,postcode_not_in_seifa,157
1010,postcode_not_in_seifa,174
1020,postcode_not_in_seifa,152
1021,postcode_not_in_seifa,153
1022,postcode_not_in_seifa,157
1023,postcode_not_in_seifa,154
1025,postcode_not_in_seifa,137
1026,postcode_not_in_seifa,154
1027,postcode_not_in_seifa,160
1028,postcode_not_in_seifa,169
1029,postcode_not_in_seifa,155
1030,postcode_not_in_seifa,153
1031,postcode_not_in_seifa,145
1032,postcode_not_in_seifa,154
1033,postcode_not_in_seifa,159
1034,postcode_not_in_seifa,163
1035,postcode_not_in_seifa,170
1036,postcode_not_in_seifa,168
1037,postcode_not_in_seifa,160
1038,postcode_not_in_seifa,165
1039,postcode_not_in_seifa,144
1040,postcode_not_in_seifa,132
1041,postcode_not_in_seifa,152
1042,postcode_not_in_seifa,149
1043,postcode_not_in_seifa,133
1044,postcode_not_in_seifa,168
1045,postcode_not_in_seifa,153
1046,postcode_not_in_seifa,155
1100,postcode_not_in_seifa,162
1101,postcode_not_in_seifa,138
1105,postcode_not_in_seifa,143
1106,postcode_not_in_seifa,156
1107,postcode_not_in_seifa,156
1108,postcode_not_in_seifa,172
1109,postcode_not_in_seifa,152
1110,postcode_not_in_seifa,156
1112,postcode_not_in_seifa,148
1113,postcode_not_in_seifa,147
1114,postcode_not_in_seifa,184
1115,postcode_not_in_seifa,155
1116,postcode_not_in_seifa,143
1117,postcode_not_in_seifa,151
1118,postcode_not_in_seifa,162
1119,postcode_not_in_seifa,164
1120,postcode_not_in_seifa,163
1121,postcode_not_in_seifa,185
1122,postcode_not_in_seifa,155
1123,postcode_not_in_seifa,174
1124,postcode_not_in_seifa,142
1125,postcode_not_in_seifa,146
1126,postcode_not_in_seifa,152
1127,postcode_not_in_seifa,153
1128,postcode_not_in_seifa,149
1129,postcode_not_in_seifa,164
1130,postcode_not_in_seifa,167
1131,postcode_not_in_seifa,169
1132,postcode_not_in_seifa,185
1133,postcode_not_in_seifa,163
1134,postcode_not_in_seifa,142
1135,postcode_not_in_seifa,159
1136,postcode_not_in_seifa,137
1137,postcode_not_in_seifa,157
1138,postcode_not_in_seifa,144
1139,postcode_not_in_seifa,140
1140,postcode_not_in_seifa,156
1141,postcode_not_in_seifa,147
1142,postcode_not_in_seifa,160
1143,postcode_not_in_seifa,145
1144,postcode_not_in_seifa,169
1145,postcode_not_in_seifa,157
1146,postcode_not_in_seifa,148
1147,postcode_not_in_seifa,167
1148,postcode_not_in_seifa,177
1149,postcode_not_in_seifa,165
1150,postcode_not_in_seifa,136
1151,postcode_not_in_seifa,160
1152,postcode_not_in_seifa,144
1153,postcode_not_in_seifa,161
1154,postcode_not_in_seifa,142
1155,postcode_not_in_seifa,165
1156,postcode_not_in_seifa,155
1157,postcode_not_in_seifa,186
1158,postcode_not_in_seifa,154
1159,postcode_not_in_seifa,141
1160,postcode_not_in_seifa,135
1161,postcode_not_in_seifa,137
1162,postcode_not_in_seifa,187
1163,postcode_not_in_seifa,171
1164,postcode_not_in_seifa,158
1165,postcode_not_in_seifa,153
1166,postcode_not_in_seifa,153
1167,postcode_not_in_seifa,153
1168,postcode_not_in_seifa,155
1169,postcode_not_in_seifa,150
1170,postcode_not_in_seifa,167
1171,postcode_not_in_seifa,149
1172,postcode_not_in_seifa,166
1173,postcode_not_in_seifa,160
1174,postcode_not_in_seifa,150
1175,postcode_not_in_seifa,174
1176,postcode_not_in_seifa,145
1177,postcode_not_in_seifa,168
1178,postcode_not_in_seifa,164
1179,postcode_not_in_seifa,172
1180,postcode_not_in_seifa,155
1181,postcode_not_in_seifa,178
1182,postcode_not_in_seifa,155
1183,postcode_not_in_seifa,168
1184,postcode_not_in_seifa,154
1185,postcode_not_in_seifa,141
1186,postcode_not_in_seifa,150
1187,postcode_not_in_seifa,151
1188,postcode_not_in_seifa,152
1189,postcode_not_in_seifa,150
1190,postcode_not_in_seifa,157
1191,postcode_not_in_seifa,148
1192,postcode_not_in_seifa,166
1193,postcode_not_in_seifa,165
1194,postcode_not_in_seifa,140
1195,postcode_not_in_seifa,175
1196,postcode_not_in_seifa,185
1197,postcode_not_in_seifa,142
1198,postcode_not_in_seifa,172
1199,postcode_not_in_seifa,155
1201,postcode_not_in_seifa,147
1202,postcode_not_in_seifa,152
1203,postcode_not_in_seifa,145
1205,postcode_not_in_seifa,150
1207,postcode_not_in_seifa,163
1208,postcode_not_in_seifa,156
1209,postcode_not_in_seifa,177
1210,postcode_not_in_seifa,141
1211,postcode_not_in_seifa,181
1212,postcode_not_in_seifa,162
1213,postcode_not_in_seifa,146
1214,postcode_not_in_seifa,171
1215,postcode_not_in_seifa,166
1216,postcode_not_in_seifa,162
1217,postcode_not_in_seifa,168
1218,postcode_not_in_seifa,159
1219,postcode_not_in_seifa,154
1220,postcode_not_in_seifa,133
1221,postcode_not_in_seifa,174
1222,postcode_not_in_seifa,147
1223,postcode_not_in_seifa,163
1224,postcode_not_in_seifa,166
1225,postcode_not_in_seifa,146
1226,postcode_not_in_seifa,169
1227,postcode_not_in_seifa,166
1228,postcode_not_in_seifa,155
1229,postcode_not_in_seifa,153
1230,postcode_not_in_seifa,182
1231,postcode_not_in_seifa,154
1232,postcode_not_in_seifa,151
1233,postcode_not_in_seifa,159
1234,postcode_not_in_seifa,171
1235,postcode_not_in_seifa,141
1236,postcode_not_in_seifa,169
1237,postcode_not_in_seifa,151
1238,postcode_not_in_seifa,162
1239,postcode_not_in_seifa,154
1240,postcode_not_in_seifa,154
1291,postcode_not_in_seifa,172
1292,postcode_not_in_seifa,144
1293,postcode_not_in_seifa,152
1294,postcode_not_in_seifa,165
1295,postcode_not_in_seifa,153
1296,postcode_not_in_seifa,177
1297,postcode_not_in_seifa,155
1298,postcode_not_in_seifa,149
1299,postcode_not_in_seifa,161
1300,postcode_not_in_seifa,166
1314,postcode_not_in_seifa,174
1335,postcode_not_in_seifa,154
1340,postcode_not_in_seifa,155
1350,postcode_not_in_seifa,147
1355,postcode_not_in_seifa,143
1360,postcode_not_in_seifa,175
1401,postcode_not_in_seifa,149
1419,postcode_not_in_seifa,156
1420,postcode_not_in_seifa,175
1422,postcode_not_in_seifa,175
1423,postcode_not_in_seifa,173
1424,postcode_not_in_seifa,165
1425,postcode_not_in_seifa,154
1426,postcode_not_in_seifa,153
1427,postcode_not_in_seifa,161
1428,postcode_not_in_seifa,143
1429,postcode_not_in_seifa,142
1430,postcode_not_in_seifa,149
1435,postcode_not_in_seifa,140
1440,postcode_not_in_seifa,150
1441,postcode_not_in_seifa,144
1445,postcode_not_in_seifa,149
1450,postcode_not_in_seifa,146
1455,postcode_not_in_seifa,168
1460,postcode_not_in_seifa,156
1465,postcode_not_in_seifa,179
1466,postcode_not_in_seifa,151
1470,postcode_not_in_seifa,168
1475,postcode_not_in_seifa,153
1476,postcode_not_in_seifa,174
1480,postcode_not_in_seifa,132
1481,postcode_not_in_seifa,168
1484,postcode_not_in_seifa,167
1485,postcode_not_in_seifa,145
1490,postcode_not_in_seifa,158
1493,postcode_not_in_seifa,148
1495,postcode_not_in_seifa,145
1499,postcode_not_in_seifa,168
1515,postcode_not_in_seifa,180
1560,postcode_not_in_seifa,145
1565,postcode_not_in_seifa,153
1570,postcode_not_in_seifa,151
1585,postcode_not_in_seifa,147
1590,postcode_not_in_seifa,182
1595,postcode_not_in_seifa,143
1597,postcode_not_in_seifa,159
1602,postcode_not_in_seifa,183
1630,postcode_not_in_seifa,150
1635,postcode_not_in_seifa,173
1639,postcode_not_in_seifa,135
1640,postcode_not_in_seifa,147
1655,postcode_not_in_seifa,156
1658,postcode_not_in_seifa,163
1660,postcode_not_in_seifa,143
1670,postcode_not_in_seifa,157
1675,postcode_not_in_seifa,170
1680,postcode_not_in_seifa,142
1685,postcode_not_in_seifa,152
1700,postcode_not_in_seifa,155
1710,postcode_not_in_seifa,171
1715,postcode_not_in_seifa,134
1730,postcode_not_in_seifa,156
1740,postcode_not_in_seifa,150
1741,postcode_not_in_seifa,152
1750,postcode_not_in_seifa,131
1755,postcode_not_in_seifa,142
1765,postcode_not_in_seifa,156
1771,postcode_not_in_seifa,147
1781,postcode_not_in_seifa,143
1790,postcode_not_in_seifa,154
1800,postcode_not_in_seifa,150
1805,postcode_not_in_seifa,158
1811,postcode_not_in_seifa,155
1819,postcode_not_in_seifa,182
1825,postcode_not_in_seifa,164
1830,postcode_not_in_seifa,164
1831,postcode_not_in_seifa,176
1835,postcode_not_in_seifa,165
1851,postcode_not_in_seifa,145
1860,postcode_not_in_seifa,148
1871,postcode_not_in_seifa,129
1875,postcode_not_in_seifa,143
1885,postcode_not_in_seifa,163
1888,postcode_not_in_seifa,175
1890,postcode_not_in_seifa,171
1891,postcode_not_in_seifa,182
2001,postcode_not_in_seifa,169
2002,postcode_not_in_seifa,164
2004,postcode_not_in_seifa,168
2006,postcode_not_in_seifa,158
2012,postcode_not_in_seifa,166
2013,postcode_not_in_seifa,140
2052,postcode_not_in_seifa,150
2055,postcode_not_in_seifa,144
2057,postcode_not_in_seifa,172
2058,postcode_not_in_seifa,172
2059,postcode_not_in_seifa,156
2091,postcode_not_in_seifa,155
2109,postcode_not_in_seifa,160
2123,postcode_not_in_seifa,149
2124,postcode_not_in_seifa,160
2129,postcode_not_in_seifa,144
2139,postcode_not_in_seifa,177
2252,postcode_not_in_seifa,171
2308,matched_no_scores,156
2309,postcode_not_in_seifa,159
2310,postcode_not_in_seifa,151
2314,postcode_not_in_seifa,173
2348,postcode_not_in_seifa,161
2351,postcode_not_in_seifa,161
2442,postcode_not_in_seifa,161
2520,postcode_not_in_seifa,167
2522,postcode_not_in_seifa,158
2608,postcode_not_in_seifa,153
2610,postcode_not_in_seifa,134
2616,postcode_not_in_seifa,157
2624,matched_partial_scores,159
2678,matched_no_scores,143
2708,postcode_not_in_seifa,166
2751,postcode_not_in_seifa,173
2755,postcode_not_in_seifa,171
2890,postcode_not_in_seifa,166
2891,postcode_not_in_seifa,143
2901,postcode_not_in_seifa,185
3001,postcode_not_in_seifa,170
3005,postcode_not_in_seifa,156
3010,postcode_not_in_seifa,145
3050,postcode_not_in_seifa,141
3062,matched_no_scores,174
3086,postcode_not_in_seifa,144
3164,postcode_not_in_seifa,154
3176,postcode_not_in_seifa,147
3353,postcode_not_in_seifa,166
3354,postcode_not_in_seifa,170
3399,postcode_not_in_seifa,157
3402,postcode_not_in_seifa,160
3502,postcode_not_in_seifa,165
3552,postcode_not_in_seifa,158
3554,postcode_not_in_seifa,160
3619,postcode_not_in_seifa,150
3632,postcode_not_in_seifa,164
3643,postcode_not_in_seifa,165
3661,postcode_not_in_seifa,162
3671,postcode_not_in_seifa,156
3676,postcode_not_in_seifa,148
3689,postcode_not_in_seifa,138
3694,postcode_not_in_seifa,146
3724,postcode_not_in_seifa,188
3736,postcode_not_in_seifa,159
3800,postcode_not_in_seifa,160
3841,postcode_not_in_seifa,147
3852,matched_no_scores,149
3853,postcode_not_in_seifa,170
3989,postcode_not_in_seifa,151
4001,postcode_not_in_seifa,156
4002,postcode_not_in_seifa,181
4003,postcode_not_in_seifa,157
4004,postcode_not_in_seifa,143
4029,postcode_not_in_seifa,159
4072,postcode_not_in_seifa,164
4219,postcode_not_in_seifa,179
4222,postcode_not_in_seifa,180
4229,postcode_not_in_seifa,158
4230,postcode_not_in_seifa,154
4271,postcode_not_in_seifa,147
4345,postcode_not_in_seifa,166
4471,postcode_not_in_seifa,157
4475,postcode_not_in_seifa,173
4801,postcode_not_in_seifa,155
4803,postcode_not_in_seifa,173
4813,postcode_not_in_seifa,141
4857,postcode_not_in_seifa,162
5001,postcode_not_in_seifa,173
5005,postcode_not_in_seifa,163
5071,postcode_not_in_seifa,150
5111,matched_no_scores,156
5160,matched_partial_scores,155
5800,postcode_not_in_seifa,141
5810,postcode_not_in_seifa,165
5839,postcode_not_in_seifa,155
5942,postcode_not_in_seifa,163
5950,matched_no_scores,163
6001,postcode_not_in_seifa,170
6068,matched_no_scores,159
6090,matched_no_scores,160
6106,matched_partial_scores,158
6182,matched_no_scores,159
6231,postcode_not_in_seifa,196
6331,postcode_not_in_seifa,159
6332,postcode_not_in_seifa,174
6427,matched_no_scores,140
6433,postcode_not_in_seifa,152
6434,matched_no_scores,173
6435,postcode_not_in_seifa,171
6484,matched_no_scores,155
6531,postcode_not_in_seifa,139
6711,postcode_not_in_seifa,146
6712,matched_no_scores,181
6723,postcode_not_in_seifa,131
6731,postcode_not_in_seifa,159
6733,postcode_not_in_seifa,148
6761,postcode_not_in_seifa,156
6800,postcode_not_in_seifa,159
6803,postcode_not_in_seifa,151
6809,postcode_not_in_seifa,173
6817,postcode_not_in_seifa,155
6820,postcode_not_in_seifa,174
6827,postcode_not_in_seifa,161
6830,postcode_not_in_seifa,154
6831,postcode_not_in_seifa,186
6832,postcode_not_in_seifa,164
6837,postcode_not_in_seifa,164
6838,postcode_not_in_seifa,147
6839,postcode_not_in_seifa,159
6840,postcode_not_in_seifa,140
6841,postcode_not_in_seifa,159
6842,postcode_not_in_seifa,142
6843,postcode_not_in_seifa,147
6844,postcode_not_in_seifa,155
6845,postcode_not_in_seifa,132
6846,postcode_not_in_seifa,151
6847,postcode_not_in_seifa,145
6848,postcode_not_in_seifa,163
6849,postcode_not_in_seifa,170
6850,postcode_not_in_seifa,141
6865,postcode_not_in_seifa,174
6872,postcode_not_in_seifa,143
6892,postcode_not_in_seifa,143
6900,postcode_not_in_seifa,158
6901,postcode_not_in_seifa,157
6902,postcode_not_in_seifa,141
6903,postcode_not_in_seifa,132
6904,postcode_not_in_seifa,165
6905,postcode_not_in_seifa,176
6906,postcode_not_in_seifa,161
6907,postcode_not_in_seifa,161
6909,postcode_not_in_seifa,153
6910,postcode_not_in_seifa,156
6911,postcode_not_in_seifa,152
6912,postcode_not_in_seifa,152
6913,postcode_not_in_seifa,155
6914,postcode_not_in_seifa,158
6915,postcode_not_in_seifa,178
6916,postcode_not_in_seifa,166
6917,postcode_not_in_seifa,193
6918,postcode_not_in_seifa,154
6919,postcode_not_in_seifa,166
6920,postcode_not_in_seifa,155
6921,postcode_not_in_seifa,169
6922,postcode_not_in_seifa,153
6923,postcode_not_in_seifa,184
6924,postcode_not_in_seifa,172
6925,postcode_not_in_seifa,162
6926,postcode_not_in_seifa,157
6929,postcode_not_in_seifa,175
6931,postcode_not_in_seifa,169
6932,postcode_not_in_seifa,138
6933,postcode_not_in_seifa,164
6934,postcode_not_in_seifa,143
6935,postcode_not_in_seifa,168
6936,postcode_not_in_seifa,155
6937,postcode_not_in_seifa,173
6938,postcode_not_in_seifa,145
6939,postcode_not_in_seifa,162
6940,postcode_not_in_seifa,155
6941,postcode_not_in_seifa,138
6942,postcode_not_in_seifa,148
6943,postcode_not_in_seifa,170
6944,postcode_not_in_seifa,170
6945,postcode_not_in_seifa,177
6946,postcode_not_in_seifa,152
6947,postcode_not_in_seifa,165
6951,postcode_not_in_seifa,157
6952,postcode_not_in_seifa,146
6953,postcode_not_in_seifa,170
6954,postcode_not_in_seifa,155
6955,postcode_not_in_seifa,143
6956,postcode_not_in_seifa,161
6957,postcode_not_in_seifa,147
6958,postcode_not_in_seifa,166
6959,postcode_not_in_seifa,146
6960,postcode_not_in_seifa,157
6961,postcode_not_in_seifa,152
6963,postcode_not_in_seifa,183
6964,postcode_not_in_seifa,180
6965,postcode_not_in_seifa,159
6966,postcode_not_in_seifa,159
6967,postcode_not_in_seifa,155
6968,postcode_not_in_seifa,156
6969,postcode_not_in_seifa,147
6970,postcode_not_in_seifa,158
6979,postcode_not_in_seifa,158
6980,postcode_not_in_seifa,173
6981,postcode_not_in_seifa,162
6982,postcode_not_in_seifa,154
6983,postcode_not_in_seifa,159
6984,postcode_not_in_seifa,164
6985,postcode_not_in_seifa,144
6986,postcode_not_in_seifa,151
6987,postcode_not_in_seifa,161
6988,postcode_not_in_seifa,153
6989,postcode_not_in_seifa,164
6990,postcode_not_in_seifa,150
6991,postcode_not_in_seifa,181
6992,postcode_not_in_seifa,150
6997,postcode_not_in_seifa,158
7001,postcode_not_in_seifa,146
7002,postcode_not_in_seifa,178
7006,postcode_not_in_seifa,165
7051,postcode_not_in_seifa,160
7139,matched_no_scores,153
7151,postcode_not_in_seifa,163
8001,postcode_not_in_seifa,170
8002,postcode_not_in_seifa,175
8003,postcode_not_in_seifa,164
8004,postcode_not_in_seifa,153
8005,postcode_not_in_seifa,151
8006,postcode_not_in_seifa,153
8007,postcode_not_in_seifa,163
8008,postcode_not_in_seifa,164
8009,postcode_not_in_seifa,158
8010,postcode_not_in_seifa,164
8011,postcode_not_in_seifa,153
8012,postcode_not_in_seifa,135
8045,postcode_not_in_seifa,164
8051,postcode_not_in_seifa,146
8066,postcode_not_in_seifa,152
8069,postcode_not_in_seifa,155
8070,postcode_not_in_seifa,153
8071,postcode_not_in_seifa,170
8102,postcode_not_in_seifa,152
8107,postcode_not_in_seifa,165
8111,postcode_not_in_seifa,139
8120,postcode_not_in_seifa,159
8205,postcode_not_in_seifa,177
8785,postcode_not_in_seifa,144
9000,postcode_not_in_seifa,170
9001,postcode_not_in_seifa,137
9002,postcode_not_in_seifa,158
9005,postcode_not_in_seifa,171
9007,postcode_not_in_seifa,161
9009,postcode_not_in_seifa,134
9010,postcode_not_in_seifa,167
9013,postcode_not_in_seifa,137
9015,postcode_not_in_seifa,136
9464,postcode_not_in_seifa,165
9726,postcode_not_in_seifa,178
9999,postcode_not_in_seifa,149
