merchant_abn,merchant_name,merchant_category,scoring_date,total_transaction_count,matched_risk_transaction_count,consumer_risk_transaction_coverage,total_transaction_amount,matched_risk_transaction_amount,consumer_risk_amount_coverage,observed_label_transaction_count,observed_consumer_label_transaction_coverage,observed_label_transaction_amount,observed_consumer_label_amount_coverage,total_unique_consumers,matched_risk_unique_consumers,amount_weighted_consumer_risk,transaction_mean_consumer_risk,maximum_consumer_risk,knn_score,knn_mean_neighbor_distance,knn_max_neighbor_distance,knn_distance_percentile,knn_confidence_score,knn_out_of_distribution,knn_ood_threshold,knn_score_source,merchant_risk_model,merchant_fraud_observation_count,mean_observed_merchant_fraud,max_observed_merchant_fraud,latest_observed_merchant_fraud,first_merchant_fraud_date,latest_merchant_fraud_date,consumer_exposure_percentile,knn_merchant_risk_percentile,has_consumer_risk_information,has_direct_merchant_fraud_information,has_knn_merchant_risk_information,fraud_evidence_status,fraud_risk_70c_30knn,risk_safety_70c_30knn,fraud_risk_50c_50knn,risk_safety_50c_50knn,fraud_risk_30c_70knn,risk_safety_30c_70knn,fraud_risk_index,risk_safety_score,fraud_risk_method
11149063370,Et Arcu Limited,art dealers and galleries,2022-02-28,46,46,1.0,839262.3593570334,839262.3593570334,1.0,46,1.0,839262.3593570334,1.0,46,46,0.1196497501821552,0.12091587810869564,0.23020595,0.5069901325691919,0.5339159639503195,0.6732665982595464,0.16393442622950818,0.8360655737704918,False,3.3410324977034147,leave_one_out_for_labelled_merchant,KNN,3,0.5328693336242286,0.5643761254995139,0.5101538421455242,2021-08-28,2022-02-25,0.05982324949014276,0.329563447183895,True,True,True,consumer_and_knn,0.14074530879826844,85.92546912017316,0.1946933483370189,80.5306651662981,0.24864138787576934,75.13586121242307,0.1946933483370189,80.5306651662981,0.5 consumer exposure percentile + 0.5 KNN merchant risk percentile
11470993597,Sed Associates,"watch, clock, and jewelry repair shops",2022-02-28,263,263,1.0,16470.104147175116,16470.104147175116,1.0,224,0.8517110266159695,13450.30267485973,0.8166495217437146,262,262,0.1416979100097773,0.14129063955893534,0.2641777,0.6675256407501565,1.3238062515167455,2.112157315204657,0.5573770491803278,0.4426229508196722,False,3.3410324977034147,leave_one_out_for_labelled_merchant,KNN,1,0.6337734364737917,0.6337734364737917,0.6337734364737917,2021-09-28,2021-09-28,0.42329481078631315,0.9389278443790997,True,True,True,consumer_and_knn,0.5779847208641491,42.20152791358509,0.6811113275827064,31.888867241729358,0.7842379343012638,21.576206569873623,0.6811113275827064,31.888867241729358,0.5 consumer exposure percentile + 0.5 KNN merchant risk percentile
11590404675,Arcu Sed PC,"antique shops - sales, repairs, and restoration services",2022-02-28,32,32,1.0,538113.6372853813,538113.6372853813,1.0,29,0.90625,503412.4092151175,0.9355131970910069,32,32,0.12583598072680896,0.1254099355625,0.2266916,0.6365666986571553,0.8546990182603682,1.0973645979459563,0.3442622950819672,0.6557377049180328,False,3.3410324977034147,leave_one_out_for_labelled_merchant,KNN,1,0.29607818240092093,0.29607818240092093,0.29607818240092093,2021-12-21,2021-12-21,0.08633582596872875,0.5082560506672699,True,True,True,consumer_and_knn,0.21291189337829108,78.70881066217089,0.29729593831799933,70.27040616820005,0.3816799832577075,61.83200167422924,0.29729593831799933,70.27040616820005,0.5 consumer exposure percentile + 0.5 KNN merchant risk percentile
14530561097,Duis At Inc.,"jewelry, watch, clock, and silverware shops",2022-02-28,117,117,1.0,1331962.061074373,1331962.061074373,1.0,113,0.9658119658119658,1303129.3613098762,0.9783532124471772,117,117,0.1472355040589607,0.14124336531623935,0.24717762,0.43234074465880834,1.6482692557840264,2.5303087439129284,0.639344262295082,0.360655737704918,False,3.3410324977034147,leave_one_out_for_labelled_merchant,KNN,1,0.8080054474543396,0.8080054474543396,0.8080054474543396,2021-09-15,2021-09-15,0.8017221844550193,0.24089572494910655,True,True,True,consumer_and_knn,0.6334742466032455,36.65257533967545,0.521308954702063,47.8691045297937,0.4091436628008803,59.08563371991197,0.521308954702063,47.8691045297937,0.5 consumer exposure percentile + 0.5 KNN merchant risk percentile
14827550074,,,2022-02-28,831,831,1.0,3887780.4827107075,3887780.4827107075,1.0,764,0.9193742478941035,3722809.6976515977,0.9575668467412837,820,820,0.13115092367754244,0.13644103471841154,0.3678367,0.32859145261982203,2.749336599624026,5.300485419330553,0.8524590163934426,0.14754098360655743,False,3.3410324977034147,leave_one_out_for_labelled_merchant,KNN,4,0.4200056688395545,0.4645775596795885,0.3828286860374981,2021-11-26,2021-12-12,0.12508497620666215,0.15245419588328432,True,True,True,consumer_and_knn,0.13329574210964878,86.67042578903512,0.13876958604497325,86.12304139550268,0.14424342998029765,85.57565700197023,0.13876958604497325,86.12304139550268,0.5 consumer exposure percentile + 0.5 KNN merchant risk percentile
15043504837,Odio Incorporated,"jewelry, watch, clock, and silverware shops",2022-02-28,124,124,1.0,1930265.86887777,1930265.86887777,1.0,115,0.9274193548387096,1811124.0111681663,0.9382769702192004,124,124,0.1318845305715096,0.1310841705967742,0.23471902,0.5149696863120499,1.7186249501144535,2.600214021518864,0.6885245901639344,0.3114754098360656,False,3.3410324977034147,leave_one_out_for_labelled_merchant,KNN,3,0.3698537064685347,0.5977648897297805,0.2612523097610844,2021-08-29,2021-12-14,0.13301608882846136,0.34471838950463696,True,True,True,consumer_and_knn,0.19652677903131405,80.3473220968686,0.23886723916654917,76.11327608334508,0.28120769930178424,71.87923006982157,0.23886723916654917,76.11327608334508,0.5 consumer exposure percentile + 0.5 KNN merchant risk percentile
15157368385,Tempus Non Lacinia Inc.,artist supply and craft shops,2022-02-28,65,65,1.0,19155.971429976096,19155.971429976096,1.0,53,0.8153846153846154,15640.792836761439,0.8164969807945133,65,65,0.15626223099369968,0.14198324524615386,0.25992325,0.6668816863946394,3.378194399563827,4.196092993110978,0.9672131147540983,0.032786885245901676,True,3.3410324977034147,leave_one_out_for_labelled_merchant,KNN,1,0.6427741319283029,0.6427741319283029,0.6427741319283029,2021-12-13,2021-12-13,0.9245411284840245,0.9334992083239086,True,True,True,consumer_and_knn,0.9272285524359896,7.277144756401044,0.9290201684039665,7.097983159603349,0.9308117843719433,6.918821562805666,0.9290201684039665,7.097983159603349,0.5 consumer exposure percentile + 0.5 KNN merchant risk percentile
18158387243,Nec Tellus Ltd,health and beauty spas,2022-02-28,9401,9401,1.0,5372355.059353227,5372355.059353227,1.0,7816,0.8314009147962983,4455355.457850309,0.8293114302066784,7801,7801,0.14347838704152935,0.1431897395202641,0.61699,0.2962555289105973,0.7899503684942275,1.0751440367743106,0.29508196721311475,0.7049180327868853,False,3.3410324977034147,leave_one_out_for_labelled_merchant,KNN,2,0.29029683404318185,0.2910241891640991,0.28956947892226464,2021-11-26,2021-11-29,0.6050305914343984,0.08029857498303551,True,True,True,consumer_and_knn,0.44761098649898956,55.238901350101045,0.34266458320871696,65.73354167912831,0.23771817991844438,76.22818200815557,0.34266458320871696,65.73354167912831,0.5 consumer exposure percentile + 0.5 KNN merchant risk percentile
18737319630,Ut Industries,"computers, computer peripheral equipment, and software",2022-02-28,122,122,1.0,24255.311884298564,24255.311884298564,1.0,99,0.8114754098360656,19132.213538511445,0.7887844786236904,122,122,0.1394272311372344,0.14460299224590162,0.27010116,0.6451604008823097,1.9353810039346595,2.51009469355578,0.7377049180327869,0.2622950819672131,False,3.3410324977034147,leave_one_out_for_labelled_merchant,KNN,1,0.7273069736562613,0.7273069736562613,0.7273069736562613,2021-09-25,2021-09-25,0.28982551552232044,0.519791902284551,True,True,True,consumer_and_knn,0.3588154315509896,64.11845684490103,0.4048087089034357,59.51912910965643,0.4508019862558818,54.91980137441181,0.4048087089034357,59.51912910965643,0.5 consumer exposure percentile + 0.5 KNN merchant risk percentile
19010030815,,,2022-02-28,23,23,1.0,461299.6348281817,461299.6348281817,1.0,23,1.0,461299.6348281817,1.0,23,23,0.12589021111847018,0.1339233165652174,0.22725047,0.4419821024098463,1.1922433042490241,2.0086319170421665,0.5081967213114754,0.4918032786885246,False,3.3410324977034147,leave_one_out_for_labelled_merchant,KNN,3,0.5103392791971205,0.5680614264419132,0.48642698518841015,2021-09-28,2021-12-24,0.08678903240426014,0.24813390635602806,True,True,True,consumer_and_knn,0.13519249458979052,86.48075054102094,0.1674614693801441,83.25385306198558,0.19973044417049768,80.02695558295024,0.1674614693801441,83.25385306198558,0.5 consumer exposure percentile + 0.5 KNN merchant risk percentile
19492220327,Commodo Ipsum Industries,"jewelry, watch, clock, and silverware shops",2022-02-28,472,472,1.0,4600018.835183296,4600018.835183296,1.0,436,0.923728813559322,4263841.299208973,0.9269182262031046,468,468,0.1373706572585081,0.13834232825635587,0.24789155,0.388447598708482,3.0272732130913367,4.577673203141439,0.9344262295081968,0.06557377049180324,False,3.3410324977034147,leave_one_out_for_labelled_merchant,KNN,8,0.3195830667566754,0.44403658647495353,0.2507115192683804,2021-10-08,2022-01-29,0.22184455019261273,0.18977606876272338,True,True,True,consumer_and_knn,0.21222400576364592,78.77759942363541,0.20581030947766804,79.4189690522332,0.19939661319169016,80.06033868083098,0.20581030947766804,79.4189690522332,0.5 consumer exposure percentile + 0.5 KNN merchant risk percentile
21439773999,Mauris Non Institute,"cable, satellite, and other pay television and radio services",2022-02-28,69464,69464,1.0,5430751.982756512,5430751.982756512,1.0,58049,0.8356702752504894,4523130.057198849,0.8328736188948592,22719,22719,0.14339206769067567,0.14303533249251385,0.49096018,0.29773555324506257,0.7951149072924284,1.2295139691458488,0.3114754098360656,0.6885245901639344,False,3.3410324977034147,leave_one_out_for_labelled_merchant,KNN,1,0.28504479048104586,0.28504479048104586,0.28504479048104586,2021-11-26,2021-11-26,0.5973260820303649,0.09522732413481112,True,True,True,consumer_and_knn,0.4466964546616987,55.33035453383013,0.346276703082588,65.3723296917412,0.24585695150347725,75.41430484965228,0.346276703082588,65.3723296917412,0.5 consumer exposure percentile + 0.5 KNN merchant risk percentile
22606727520,Laoreet Ipsum Industries,"books, periodicals, and newspapers",2022-02-28,306,306,1.0,51363.37875473267,51363.37875473267,1.0,252,0.8235294117647058,42068.36214785498,0.8190341672952884,305,305,0.13986796612914634,0.143599157379085,0.26318058,0.6556997669247305,1.048451801204505,1.8860226569227503,0.4098360655737705,0.5901639344262295,False,3.3410324977034147,leave_one_out_for_labelled_merchant,KNN,1,0.6299278699015306,0.6299278699015306,0.6299278699015306,2021-11-27,2021-11-27,0.30976659868570133,0.6389957023297896,True,True,True,consumer_and_knn,0.4085353297789278,59.14646702210722,0.4743811505077455,52.561884949225444,0.5402269712365632,45.977302876343686,0.4743811505077455,52.561884949225444,0.5 consumer exposure percentile + 0.5 KNN merchant risk percentile
23686790459,,,2022-02-28,26,26,1.0,470680.7293765473,470680.7293765473,1.0,26,1.0,470680.7293765473,1.0,26,26,0.12483005752301543,0.13039805034615387,0.34678724,0.5589833778160632,0.9964535377875798,1.2399781549155315,0.3770491803278688,0.6229508196721312,False,3.3410324977034147,leave_one_out_for_labelled_merchant,KNN,1,0.7945434415085351,0.7945434415085351,0.7945434415085351,2021-12-10,2021-12-10,0.08135055517788353,0.40285003392897534,True,True,True,consumer_and_knn,0.17780039880321108,82.21996011967889,0.24210029455342943,75.78997054465705,0.3064001903036478,69.35998096963523,0.24210029455342943,75.78997054465705,0.5 consumer exposure percentile + 0.5 KNN merchant risk percentile
23709946765,Faucibus Leo Corp.,"jewelry, watch, clock, and silverware shops",2022-02-28,110,110,1.0,787668.2603742055,787668.2603742055,1.0,103,0.9363636363636364,719192.9132082367,0.9130657529180654,110,110,0.1410605351434037,0.13842584263636362,0.258748,0.5324348328535402,1.4251874395505404,1.8542661796910238,0.5901639344262295,0.4098360655737705,False,3.3410324977034147,leave_one_out_for_labelled_merchant,KNN,1,0.44012725378338585,0.44012725378338585,0.44012725378338585,2022-02-02,2022-02-02,0.37072286426467255,0.3725401492874915,True,True,True,consumer_and_knn,0.3712680497715182,62.87319502284818,0.37163150677608203,62.8368493223918,0.37199496378064584,62.80050362193541,0.37163150677608203,62.8368493223918,0.5 consumer exposure percentile + 0.5 KNN merchant risk percentile
27093785141,Placerat Orci Institute,"stationery, office supplies and printing and writing paper",2022-02-28,14985,14985,1.0,5663474.4278264195,5663474.4278264195,1.0,12512,0.8349683016349683,4730888.742726791,0.8353332928427214,11121,11121,0.14215354552501708,0.14193870787113788,0.3678367,0.2940404590767386,0.36683783394043745,0.6707930761891694,0.04918032786885246,0.9508196721311475,False,3.3410324977034147,leave_one_out_for_labelled_merchant,KNN,3,0.28880648130522024,0.29539473036230746,0.29520113582407653,2021-11-26,2021-11-29,0.4624971674597779,0.039583804569102016,True,True,True,consumer_and_knn,0.33562315859257513,66.43768414074249,0.25104048601443996,74.89595139855601,0.16645781343630478,83.35421865636951,0.25104048601443996,74.89595139855601,0.5 consumer exposure percentile + 0.5 KNN merchant risk percentile
29674997261,,,2022-02-28,4,4,1.0,85997.8952622418,85997.8952622418,1.0,4,1.0,85997.8952622418,1.0,4,4,0.0971688790646605,0.10245495774999999,0.1965835,0.41958610129326807,2.7895362900657226,3.830424842438195,0.8852459016393442,0.11475409836065575,False,3.3410324977034147,leave_one_out_for_labelled_merchant,KNN,1,0.4443787807900268,0.4443787807900268,0.4443787807900268,2021-12-26,2021-12-26,0.02198051212327215,0.2343361230490839,True,True,True,consumer_and_knn,0.08568719540101569,91.43128045989843,0.12815831758617802,87.1841682413822,0.17062943977134037,82.93705602286596,0.12815831758617802,87.1841682413822,0.5 consumer exposure percentile + 0.5 KNN merchant risk percentile
30275989942,Arcu Vivamus Sit Limited,shoe shops,2022-02-28,145,145,1.0,24137.158485894714,24137.158485894714,1.0,130,0.896551724137931,21176.70936764298,0.8773488967236237,144,144,0.14030475812309068,0.13612314683448276,0.25060248,0.6744117253571087,1.7103163731939608,2.3166592039808,0.6557377049180327,0.34426229508196726,False,3.3410324977034147,leave_one_out_for_labelled_merchant,KNN,1,0.6310859287636286,0.6310859287636286,0.6310859287636286,2022-01-28,2022-01-28,0.32993428506684797,0.9658448314860891,True,True,True,consumer_and_knn,0.5207074489926202,47.929255100737976,0.6478895582764685,35.21104417235315,0.7750716675603166,22.492833243968335,0.6478895582764685,35.21104417235315,0.5 consumer exposure percentile + 0.5 KNN merchant risk percentile
31334588839,Lacus Aliquam Corporation,"antique shops - sales, repairs, and restoration services",2022-02-28,865,865,1.0,5492262.696105123,5492262.696105123,1.0,795,0.9190751445086706,5263981.842429805,0.9584359186174388,845,845,0.134521068387446,0.13993292347052025,0.25800556,0.35665930906983306,2.609577474608037,4.923482162333698,0.819672131147541,0.180327868852459,False,3.3410324977034147,leave_one_out_for_labelled_merchant,KNN,12,0.3236111871776697,0.42755300838653665,0.3836165958070444,2021-09-23,2021-12-26,0.1699524133242692,0.16466862700746437,True,True,True,consumer_and_knn,0.16836727742922775,83.16327225707722,0.16731052016586678,83.26894798341333,0.16625376290250582,83.37462370974941,0.16731052016586678,83.26894798341333,0.5 consumer exposure percentile + 0.5 KNN merchant risk percentile
32258116290,Id Foundation,"florists supplies, nursery stock, and flowers",2022-02-28,469,469,1.0,68436.80533122273,68436.80533122273,1.0,392,0.835820895522388,56817.814929131826,0.8302230744720341,467,467,0.1400894331995042,0.14309977791258,0.2783949,0.6662723032874621,1.275647538163617,1.8676972352951497,0.5409836065573771,0.4590163934426229,False,3.3410324977034147,leave_one_out_for_labelled_merchant,KNN,1,0.6192380860960476,0.6192380860960476,0.6192380860960476,2021-10-14,2021-10-14,0.32087015635622024,0.9287491517756163,True,True,True,consumer_and_knn,0.503233854982039,49.6766145017961,0.6248096540659183,37.51903459340817,0.7463854531497975,25.361454685020245,0.6248096540659183,37.51903459340817,0.5 consumer exposure percentile + 0.5 KNN merchant risk percentile
35575706403,Tempus Mauris Ltd,"antique shops - sales, repairs, and restoration services",2022-02-28,43,43,1.0,486402.12643143634,486402.12643143634,1.0,38,0.8837209302325582,421129.4857923736,0.8658051906188292,43,43,0.1217941389381527,0.13666603497674418,0.23730324,0.5280700936153454,0.6000149742752965,0.8189498803130264,0.22950819672131148,0.7704918032786885,False,3.3410324977034147,leave_one_out_for_labelled_merchant,KNN,1,0.9109606847149965,0.9109606847149965,0.9109606847149965,2022-02-20,2022-02-20,0.06594153636981645,0.3666591268943678,True,True,True,consumer_and_knn,0.15615681352718186,84.38431864728182,0.2163003316320921,78.36996683679078,0.27644384973700237,72.35561502629977,0.2163003316320921,78.36996683679078,0.5 consumer exposure percentile + 0.5 KNN merchant risk percentile
35909341340,Arcu Sed Eu Incorporated,"computer programming , data processing, and integrated systems design services",2022-02-28,21916,21916,1.0,5506987.4486831315,5506987.4486831315,1.0,18283,0.8342306990326702,4581918.983846177,0.8320191441405659,14311,14311,0.14218696929948066,0.14292796106260267,0.49096018,0.293612903953495,0.40232943434343044,0.684453239326436,0.08196721311475409,0.9180327868852459,False,3.3410324977034147,leave_one_out_for_labelled_merchant,KNN,1,0.2913305311007307,0.2913305311007307,0.2913305311007307,2021-11-26,2021-11-26,0.46589621572626333,0.03845283872427053,True,True,True,consumer_and_knn,0.33766320262566546,66.23367973743346,0.25217452722526695,74.78254727747331,0.16668585182486836,83.33141481751316,0.25217452722526695,74.78254727747331,0.5 consumer exposure percentile + 0.5 KNN merchant risk percentile
39649557865,Arcu Morbi Institute,artist supply and craft shops,2022-02-28,12608,12608,1.0,5665951.070147617,5665951.070147617,1.0,10505,0.8332011421319797,4726447.629616231,0.8341843357099608,9824,9824,0.14315192527280518,0.14323095403957786,0.49096018,0.2979706154802275,0.47649916077106114,0.838300905049461,0.13114754098360656,0.8688524590163934,False,3.3410324977034147,leave_one_out_for_labelled_merchant,KNN,1,0.28690204286050613,0.28690204286050613,0.28690204286050613,2021-11-26,2021-11-26,0.5696804894629504,0.09567971047274372,True,True,True,consumer_and_knn,0.4274802557658884,57.25197442341117,0.33268009996784703,66.7319900032153,0.2378799441698057,76.21200558301943,0.33268009996784703,66.7319900032153,0.5 consumer exposure percentile + 0.5 KNN merchant risk percentile
43083074133,Faucibus Leo In LLC,"jewelry, watch, clock, and silverware shops",2022-02-28,81,81,1.0,692669.7655808491,692669.7655808491,1.0,76,0.9382716049382716,669849.0953484203,0.9670540402275358,80,80,0.13683529617203025,0.1398880198765432,0.24797852,0.46033071469513204,1.460356355713911,1.7977332847733942,0.6229508196721312,0.3770491803278688,False,3.3410324977034147,leave_one_out_for_labelled_merchant,KNN,1,0.4866890735193894,0.4866890735193894,0.4866890735193894,2021-12-18,2021-12-18,0.21096759573985951,0.2775390183216467,True,True,True,consumer_and_knn,0.23093902251439566,76.90609774856043,0.2442533070307531,75.5746692969247,0.2575675915471105,74.24324084528895,0.2442533070307531,75.5746692969247,0.5 consumer exposure percentile + 0.5 KNN merchant risk percentile
48534649627,Dignissim Maecenas Foundation,"opticians, optical goods, and eyeglasses",2022-02-28,38158,38158,1.0,5406673.435436698,5406673.435436698,1.0,31836,0.8343204570470151,4497716.294926744,0.8318823669740399,19160,19160,0.14284326125049918,0.14331517372427777,0.61699,0.2944802777162948,0.5580197813123191,0.889188451436171,0.21311475409836064,0.7868852459016393,False,3.3410324977034147,leave_one_out_for_labelled_merchant,KNN,3,0.28567932964727955,0.2900590700983104,0.2836052168812278,2021-11-26,2021-11-29,0.5343303874915024,0.05632209907260801,True,True,True,consumer_and_knn,0.3909279009658341,60.90720990341659,0.2953262432820552,70.46737567179449,0.19972458559827633,80.02754144017237,0.2953262432820552,70.46737567179449,0.5 consumer exposure percentile + 0.5 KNN merchant risk percentile
50315283629,Iaculis Aliquet Diam LLC,"lawn and garden supply outlets, including nurseries",2022-02-28,17192,17192,1.0,5537375.9420554275,5537375.9420554275,1.0,14335,0.8338180549092601,4617251.825482175,0.8338339086596837,12292,12292,0.14252627530397766,0.14280218545463014,0.61699,0.2951511987084585,0.3297420395428686,0.703148225739445,0.01639344262295082,0.9836065573770492,False,3.3410324977034147,leave_one_out_for_labelled_merchant,KNN,2,0.2859450717385186,0.2908815811960701,0.281008562280967,2021-11-26,2021-11-29,0.5019261273510084,0.06582221216919248,True,True,True,consumer_and_knn,0.3710949527964636,62.89050472035365,0.28387416976010044,71.61258302398996,0.19665338672373725,80.33466132762628,0.28387416976010044,71.61258302398996,0.5 consumer exposure percentile + 0.5 KNN merchant risk percentile
57564805948,,,2022-02-28,14,14,1.0,189200.02609256766,189200.02609256766,1.0,13,0.9285714285714286,186655.87465716107,0.986553112660979,14,14,0.14004171858756317,0.12307594257142858,0.2184189,0.45690503933994714,3.0209635194781588,3.988111209253848,0.9180327868852459,0.08196721311475408,False,3.3410324977034147,leave_one_out_for_labelled_merchant,KNN,1,0.31268145098828853,0.31268145098828853,0.31268145098828853,2021-11-23,2021-11-23,0.3174711080897349,0.2741461207871522,True,True,True,consumer_and_knn,0.30447361189896005,69.552638810104,0.29580861443844353,70.41913855615564,0.287143616977927,71.2856383022073,0.29580861443844353,70.41913855615564,0.5 consumer exposure percentile + 0.5 KNN merchant risk percentile
59258669983,,,2022-02-28,52,52,1.0,679876.212005516,679876.212005516,1.0,51,0.9807692307692307,661897.2409786952,0.9735555227417267,52,52,0.13229639242713717,0.13619610259615383,0.2339483,0.5541614751349451,0.6184603405474931,0.895092074813316,0.2459016393442623,0.7540983606557377,False,3.3410324977034147,leave_one_out_for_labelled_merchant,KNN,1,0.30180090258715536,0.30180090258715536,0.30180090258715536,2021-11-17,2021-11-17,0.1380013596193066,0.39493327301515496,True,True,True,consumer_and_knn,0.21508093363806108,78.4919066361939,0.26646731631723075,73.35326836827693,0.3178536989964004,68.21463010035995,0.26646731631723075,73.35326836827693,0.5 consumer exposure percentile + 0.5 KNN merchant risk percentile
67264251405,Elit Dictum Eu Foundation,art dealers and galleries,2022-02-28,1,1,1.0,51876.637563877644,51876.637563877644,1.0,1,1.0,51876.637563877644,1.0,1,1,0.21724494,0.21724494,0.21724494,0.19033093886681066,5.590189513140087,8.170445194114183,1.0,0.0,True,3.3410324977034147,leave_one_out_for_labelled_merchant,KNN,1,0.1821089142894488,0.1821089142894488,0.1821089142894488,2021-10-19,2021-10-19,0.9956945388624519,0.00022619316896629722,True,True,True,consumer_and_knn,0.6970540351544061,30.29459648455939,0.4979603660157091,50.203963398429096,0.29886669687701195,70.1133303122988,0.4979603660157091,50.203963398429096,0.5 consumer exposure percentile + 0.5 KNN merchant risk percentile
72058040180,Mi Corporation,"antique shops - sales, repairs, and restoration services",2022-02-28,50,50,1.0,625745.713581804,625745.713581804,1.0,48,0.96,585089.450467739,0.9350275004181072,50,50,0.12553002139288935,0.13482547264,0.23891288,0.6797650155665828,0.5269091686336724,0.7517628811406846,0.14754098360655737,0.8524590163934427,False,3.3410324977034147,leave_one_out_for_labelled_merchant,KNN,1,0.33718759788843344,0.33718759788843344,0.33718759788843344,2021-12-11,2021-12-11,0.08406979379107184,0.980999773806831,True,True,True,consumer_and_knn,0.3531487877957996,64.68512122042004,0.5325347837989515,46.74652162010485,0.7119207798021032,28.80792201978968,0.5325347837989515,46.74652162010485,0.5 consumer exposure percentile + 0.5 KNN merchant risk percentile
73052515151,,,2022-02-28,31,31,1.0,504684.93331343634,504684.93331343634,1.0,30,0.967741935483871,464051.40609931276,0.9194873384720443,31,31,0.13019663530201447,0.1225486199032258,0.2278911,0.5524449750226252,1.0862202128298408,1.748510069033725,0.4262295081967213,0.5737704918032787,False,3.3410324977034147,leave_one_out_for_labelled_merchant,KNN,1,0.2570354675087639,0.2570354675087639,0.2570354675087639,2021-10-02,2021-10-02,0.11579424427826875,0.3908617959737616,True,True,True,consumer_and_knn,0.1983145097869166,80.16854902130834,0.2533280201260152,74.66719798739848,0.3083415304651137,69.16584695348863,0.2533280201260152,74.66719798739848,0.5 consumer exposure percentile + 0.5 KNN merchant risk percentile
75892370170,,,2022-02-28,49,49,1.0,789525.5335064649,789525.5335064649,1.0,46,0.9387755102040817,732431.0537512589,0.9276850749821398,49,49,0.11859089045471188,0.12478759814285714,0.23600413,0.5651107585395739,0.7187093377188216,0.9937982902273446,0.26229508196721313,0.7377049180327868,False,3.3410324977034147,leave_one_out_for_labelled_merchant,KNN,1,0.26745292421673716,0.26745292421673716,0.26745292421673716,2021-09-02,2021-09-02,0.05755721731248584,0.4085048631531328,True,True,True,consumer_and_knn,0.16284151106467992,83.71584889353201,0.2330310402328093,76.69689597671908,0.3032205694009387,69.67794305990613,0.2330310402328093,76.69689597671908,0.5 consumer exposure percentile + 0.5 KNN merchant risk percentile
76767266140,Phasellus At Limited,"furniture, home furnishings and equipment shops, and manufacturers, except appliances",2022-02-28,25126,25126,1.0,5370735.690455436,5370735.690455436,1.0,21017,0.8364642203295392,4479725.317221269,0.8340990090393725,15615,15615,0.14331376637322338,0.14328211970894675,0.61699,0.2919125499654387,0.44550689922254455,0.6758335076784132,0.09836065573770492,0.9016393442622951,False,3.3410324977034147,leave_one_out_for_labelled_merchant,KNN,1,0.29539733207182706,0.29539733207182706,0.29539733207182706,2021-11-26,2021-11-26,0.5893949694085656,0.03008369147251753,True,True,True,consumer_and_knn,0.42160158602775116,57.83984139722489,0.3097393304405416,69.02606695594584,0.19787707485333195,80.2122925146668,0.3097393304405416,69.02606695594584,0.5 consumer exposure percentile + 0.5 KNN merchant risk percentile
76968105359,Nec Limited,health and beauty spas,2022-02-28,432,432,1.0,124622.8190439649,124622.8190439649,1.0,355,0.8217592592592593,99594.92263447786,0.7991708372392249,425,425,0.14156963845714138,0.1421278322662037,0.26535007,0.654248034883645,1.8763789236055823,2.376869551974905,0.7213114754098361,0.2786885245901639,False,3.3410324977034147,leave_one_out_for_labelled_merchant,KNN,1,0.6827843632543912,0.6827843632543912,0.6827843632543912,2021-12-09,2021-12-09,0.410151824155903,0.607328658674508,True,True,True,consumer_and_knn,0.4693048745114845,53.06951254885155,0.5087402414152056,49.12597585847944,0.5481756083189265,45.182439168107344,0.5087402414152056,49.12597585847944,0.5 consumer exposure percentile + 0.5 KNN merchant risk percentile
78080443264,Nullam Enim Sed Incorporated,tent and awning shops,2022-02-28,633,633,1.0,12741.024053855535,12741.024053855535,1.0,524,0.8278041074249605,10248.177305499285,0.8043448675852789,625,625,0.14441835993292795,0.14503111168246446,0.26558554,0.6568034177275971,2.0048430778350563,2.6813637869794262,0.7540983606557377,0.24590163934426235,False,3.3410324977034147,leave_one_out_for_labelled_merchant,KNN,1,0.6909531723361211,0.6909531723361211,0.6909531723361211,2021-11-26,2021-11-26,0.6795830500793111,0.6674960416195431,True,True,True,consumer_and_knn,0.6759569475413807,32.404305245861934,0.6735395458494271,32.64604541505729,0.6711221441574735,32.88778558425265,0.6735395458494271,32.64604541505729,0.5 consumer exposure percentile + 0.5 KNN merchant risk percentile
78187460332,Molestie Sed Limited,"florists supplies, nursery stock, and flowers",2022-02-28,284,284,1.0,41694.99535819325,41694.99535819325,1.0,244,0.8591549295774648,36130.470650563,0.8665421434916458,284,284,0.13816373925719916,0.14608502407042254,0.2612491,0.6492049457209071,1.1453481726623644,1.8290481506555076,0.4426229508196721,0.5573770491803278,False,3.3410324977034147,leave_one_out_for_labelled_merchant,KNN,1,0.6500576429421173,0.6500576429421173,0.6500576429421173,2021-12-19,2021-12-19,0.2463176977113075,0.5347206514363266,True,True,True,consumer_and_knn,0.33283858382881326,66.71614161711868,0.3905191745738171,60.948082542618295,0.4481997653188209,55.18002346811791,0.3905191745738171,60.948082542618295,0.5 consumer exposure percentile + 0.5 KNN merchant risk percentile
79100970961,Nunc Quisque Ornare Institute,"antique shops - sales, repairs, and restoration services",2022-02-28,43,43,1.0,589349.0829665321,589349.0829665321,1.0,40,0.9302325581395349,563131.1832007908,0.955513802390645,43,43,0.14378746405783843,0.1401075528372093,0.24877866,0.5639160872001505,0.5364096341194277,0.9599338258524597,0.18032786885245902,0.819672131147541,False,3.3410324977034147,leave_one_out_for_labelled_merchant,KNN,1,0.6711773975101021,0.6711773975101021,0.6711773975101021,2022-01-02,2022-01-02,0.6349422161794698,0.4078262836462339,True,True,True,consumer_and_knn,0.5668074364194989,43.319256358050104,0.5213842499128518,47.861575008714816,0.4759610634062047,52.40389365937953,0.5213842499128518,47.861575008714816,0.5 consumer exposure percentile + 0.5 KNN merchant risk percentile
79827781481,Amet Risus Inc.,"furniture, home furnishings and equipment shops, and manufacturers, except appliances",2022-02-28,2798,2798,1.0,5659002.195681068,5659002.195681068,1.0,2440,0.8720514653323803,5098695.982572914,0.9009885146297031,2620,2620,0.14163826640373356,0.14188777965761257,0.27000123,0.3315200170074798,2.3904528294706378,3.8495633782923773,0.7868852459016393,0.21311475409836067,False,3.3410324977034147,leave_one_out_for_labelled_merchant,KNN,2,0.29735159306495995,0.3132554432653338,0.3132554432653338,2021-11-27,2021-11-29,0.416043507817811,0.15335896855914952,True,True,True,consumer_and_knn,0.3372381460402125,66.27618539597874,0.28470123818848025,71.52987618115198,0.23216433033674796,76.7835669663252,0.28470123818848025,71.52987618115198,0.5 consumer exposure percentile + 0.5 KNN merchant risk percentile
80089686333,Tincidunt Nibh LLP,"furniture, home furnishings and equipment shops, and manufacturers, except appliances",2022-02-28,601,601,1.0,52534.90736008233,52534.90736008233,1.0,496,0.8252911813643927,42991.87379812043,0.8183487124750696,594,594,0.1451158240005573,0.15008597158069883,0.30725256,0.6563860283423619,1.4541381891989777,1.9028576510642488,0.6065573770491803,0.39344262295081966,False,3.3410324977034147,leave_one_out_for_labelled_merchant,KNN,1,0.675058112247036,0.675058112247036,0.675058112247036,2021-09-01,2021-09-01,0.7215046453659641,0.6523410992988011,True,True,True,consumer_and_knn,0.7007555815458152,29.92444184541848,0.6869228723323826,31.307712766761743,0.67309016311895,32.690983688105,0.6869228723323826,31.307712766761743,0.5 consumer exposure percentile + 0.5 KNN merchant risk percentile
80518954462,Neque Sed Dictum Incorporated,"computers, computer peripheral equipment, and software",2022-02-28,17093,17093,1.0,5124822.694434415,5124822.694434415,1.0,14222,0.8320365061721172,4259965.217384984,0.8312414831465934,12288,12288,0.14287654811862524,0.14282120819780014,0.49096018,0.29260689759181624,0.39681353141642484,0.7854198967960762,0.06557377049180328,0.9344262295081968,False,3.3410324977034147,leave_one_out_for_labelled_merchant,KNN,1,0.3002429183092451,0.3002429183092451,0.3002429183092451,2021-11-27,2021-11-27,0.536823022886925,0.030536077810450125,True,True,True,consumer_and_knn,0.3849369393639825,61.50630606360175,0.2836795503486875,71.63204496513124,0.18242216133339256,81.75778386666074,0.2836795503486875,71.63204496513124,0.5 consumer exposure percentile + 0.5 KNN merchant risk percentile
81146325646,,,2022-02-28,211,211,1.0,258136.35079317354,258136.35079317354,1.0,179,0.8483412322274881,231746.9766495238,0.8977696319694483,210,210,0.14497379192943485,0.14096448791943125,0.26318058,0.6524798989300464,2.6492535977500307,3.1392324523929696,0.8360655737704918,0.16393442622950816,False,3.3410324977034147,leave_one_out_for_labelled_merchant,KNN,1,0.6331450674747923,0.6331450674747923,0.6331450674747923,2021-11-18,2021-11-18,0.7149331520507591,0.573852069667496,True,True,True,consumer_and_knn,0.6726088273357802,32.73911726642198,0.6443926108591276,35.56073891408724,0.616176394382475,38.382360561752506,0.6443926108591276,35.56073891408724,0.5 consumer exposure percentile + 0.5 KNN merchant risk percentile
82368304209,Nec Incorporated,telecom,2022-02-28,2980,2980,1.0,5510316.164719009,5510316.164719009,1.0,2548,0.8550335570469799,4904155.427038159,0.8899952889161016,2791,2791,0.13804040425798692,0.14037788934865775,0.26657128,0.323728498133562,2.381781707859473,3.551195883434256,0.7704918032786885,0.2295081967213115,False,3.3410324977034147,leave_one_out_for_labelled_merchant,KNN,2,0.3147206672100965,0.33494431270060276,0.2944970217195903,2021-11-26,2021-11-29,0.2431452526625878,0.14928749151775617,True,True,True,consumer_and_knn,0.21498792431913827,78.50120756808617,0.19621637209017198,80.3783627909828,0.17744481986120564,82.25551801387944,0.19621637209017198,80.3783627909828,0.5 consumer exposure percentile + 0.5 KNN merchant risk percentile
82999039227,,,2022-02-28,53,53,1.0,938423.3248783622,938423.3248783622,1.0,50,0.9433962264150944,909071.5233950776,0.9687222166104096,53,53,0.12194262880853829,0.12615018511320755,0.23599681,0.4077844089803046,0.8948797219352593,1.1882318789744506,0.36065573770491804,0.639344262295082,False,3.3410324977034147,leave_one_out_for_labelled_merchant,KNN,1,0.941347004808891,0.941347004808891,0.941347004808891,2021-12-19,2021-12-19,0.06684794924087922,0.21714544220764534,True,True,True,consumer_and_knn,0.11193719713090905,88.80628028690909,0.14199669572426227,85.80033042757378,0.17205619431761549,82.79438056823845,0.14199669572426227,85.80033042757378,0.5 consumer exposure percentile + 0.5 KNN merchant risk percentile
83199298021,Ligula Elit Pretium Foundation,"antique shops - sales, repairs, and restoration services",2022-02-28,104,104,1.0,1941416.886850889,1941416.886850889,1.0,100,0.9615384615384616,1843108.3921526007,0.9493625014987114,104,104,0.14217772824570285,0.1443880025,0.2393495,0.5414891875806761,1.8681339095457725,2.738307391065495,0.7049180327868853,0.29508196721311475,False,3.3410324977034147,leave_one_out_for_labelled_merchant,KNN,6,0.31934902970741047,0.6908556869902988,0.2602515882486177,2021-03-25,2022-02-27,0.46430999320190347,0.3793259443564804,True,True,True,consumer_and_knn,0.43881477854827655,56.11852214517234,0.421817968779192,57.8182031220808,0.40482115901010735,59.517884098989256,0.421817968779192,57.8182031220808,0.5 consumer exposure percentile + 0.5 KNN merchant risk percentile
83220249221,,,2022-02-28,351,351,1.0,27148.542996633576,27148.542996633576,1.0,300,0.8547008547008547,23163.295601739384,0.8532058462441847,348,348,0.1407732764906528,0.13702999704558405,0.27000123,0.6638574915985089,1.1776555296329065,1.610844842790997,0.47540983606557374,0.5245901639344263,False,3.3410324977034147,leave_one_out_for_labelled_merchant,KNN,1,0.6351245947057463,0.6351245947057463,0.6351245947057463,2021-11-27,2021-11-27,0.354180829367777,0.9045464826962226,True,True,True,consumer_and_knn,0.5192905253663107,48.07094746336893,0.6293636560319998,37.06363439680002,0.7394367866976889,26.056321330231114,0.6293636560319998,37.06363439680002,0.5 consumer exposure percentile + 0.5 KNN merchant risk percentile
85482742429,Mi Eleifend Egestas LLP,"gift, card, novelty, and souvenir shops",2022-02-28,326,326,1.0,22059.51245865663,22059.51245865663,1.0,268,0.8220858895705522,17891.3433319583,0.811048900808202,324,324,0.14275931243712855,0.14073536329754602,0.3678367,0.6416549127005499,1.1738836038732292,1.7281630683372056,0.45901639344262296,0.540983606557377,False,3.3410324977034147,leave_one_out_for_labelled_merchant,KNN,1,0.7088131110541714,0.7088131110541714,0.7088131110541714,2021-11-27,2021-11-27,0.5234534330387491,0.5127799140465958,True,True,True,consumer_and_knn,0.5202513773411032,47.97486226588968,0.5181166735426725,48.18833264573274,0.5159819697442418,48.401803025575816,0.5181166735426725,48.18833264573274,0.5 consumer exposure percentile + 0.5 KNN merchant risk percentile
86889657711,Accumsan Corporation,"jewelry, watch, clock, and silverware shops",2022-02-28,43,43,1.0,688120.3328408009,688120.3328408009,1.0,42,0.9767441860465116,677860.2430216344,0.9850896866005845,43,43,0.14546780828461867,0.13769283116279069,0.23010904,0.5427582093780472,0.5457161321257813,1.0178111999307515,0.19672131147540983,0.8032786885245902,False,3.3410324977034147,leave_one_out_for_labelled_merchant,KNN,1,0.632122258110235,0.632122258110235,0.632122258110235,2021-09-05,2021-09-05,0.7360072513029685,0.3809092965392445,True,True,True,consumer_and_knn,0.6294778648738513,37.05221351261487,0.5584582739211065,44.15417260788935,0.4874386829683617,51.25613170316383,0.5584582739211065,44.15417260788935,0.5 consumer exposure percentile + 0.5 KNN merchant risk percentile
87084550311,Vulputate Inc.,bicycle shops - sales and service,2022-02-28,2702,2702,1.0,3462995.4438406895,3462995.4438406895,1.0,2294,0.8490007401924501,3002788.2856823187,0.8671072007972466,2567,2567,0.14001380568897775,0.14155476450925247,0.61699,0.3188237120134792,2.7737947862851846,3.9759938370949075,0.8688524590163934,0.1311475409836066,False,3.3410324977034147,leave_one_out_for_labelled_merchant,KNN,1,0.4073205828686609,0.4073205828686609,0.4073205828686609,2021-11-26,2021-11-26,0.31565828234760934,0.13616828771771092,True,True,True,consumer_and_knn,0.2618112839586398,73.81887160413602,0.22591328503266012,77.40867149673399,0.19001528610668045,80.99847138933197,0.22591328503266012,77.40867149673399,0.5 consumer exposure percentile + 0.5 KNN merchant risk percentile
89109402284,Interdum Feugiat Sed Incorporated,"antique shops - sales, repairs, and restoration services",2022-02-28,2,2,1.0,54387.188979933024,54387.188979933024,1.0,2,1.0,54387.188979933024,1.0,2,2,0.19729386103750107,0.20467048999999998,0.21703656,0.39230834133983944,3.3410324977034147,4.305263822601888,0.9508196721311475,0.049180327868852514,False,3.3410324977034147,leave_one_out_for_labelled_merchant,KNN,1,0.2907408314204997,0.2907408314204997,0.2907408314204997,2022-02-12,2022-02-12,0.9893496487650124,0.1956570911558471,True,True,True,consumer_and_knn,0.7512418814822628,24.875811851773722,0.5925033699604297,40.749663003957025,0.4337648584385967,56.62351415614033,0.5925033699604297,40.749663003957025,0.5 consumer exposure percentile + 0.5 KNN merchant risk percentile
90568944804,Diam Eu Dolor LLC,tent and awning shops,2022-02-28,6062,6062,1.0,5382751.095645379,5382751.095645379,1.0,5048,0.8327284724513362,4531685.256015979,0.8418901739079281,5383,5383,0.14446892698268893,0.14396866889211496,0.61699,0.29406005581266625,1.711672825528332,2.1090529521538866,0.6721311475409836,0.3278688524590164,False,3.3410324977034147,leave_one_out_for_labelled_merchant,KNN,3,0.3072298492113958,0.33172494688960436,0.33172494688960436,2021-11-26,2021-11-29,0.6836619079990935,0.03980999773806831,True,True,True,consumer_and_knn,0.49050633492078594,50.94936650792141,0.3617359528685809,63.82640471314191,0.23296557081637587,76.70344291836241,0.3617359528685809,63.82640471314191,0.5 consumer exposure percentile + 0.5 KNN merchant risk percentile
90918180829,Pharetra Quisque Company,"jewelry, watch, clock, and silverware shops",2022-02-28,306,306,1.0,2971264.4059157837,2971264.4059157837,1.0,290,0.9477124183006536,2808792.629092367,0.9453189771667794,306,306,0.12961995531568132,0.1391742246862745,0.49096018,0.4080722234248196,2.852565927781393,3.9738485960428678,0.9016393442622951,0.09836065573770492,False,3.3410324977034147,leave_one_out_for_labelled_merchant,KNN,7,0.35301959682126605,0.4332551731714902,0.3097581945748292,2021-09-02,2022-02-19,0.11262179922954905,0.2185026012214431,True,True,True,consumer_and_knn,0.14438603982711726,85.56139601728827,0.1655622002254961,83.44377997745039,0.1867383606238749,81.32616393761252,0.1655622002254961,83.44377997745039,0.5 consumer exposure percentile + 0.5 KNN merchant risk percentile
91880575299,At Foundation,"antique shops - sales, repairs, and restoration services",2022-02-28,21,21,1.0,418360.5789009413,418360.5789009413,1.0,20,0.9523809523809523,414705.14204054436,0.9912624729844289,21,21,0.13121663101240363,0.11266781595238096,0.21665615,0.5272968554667369,1.4168495255228128,2.3047612978247907,0.5737704918032787,0.42622950819672134,False,3.3410324977034147,leave_one_out_for_labelled_merchant,KNN,1,0.3299497823665355,0.3299497823665355,0.3299497823665355,2021-04-17,2021-04-17,0.1257647858599592,0.3655281610495363,True,True,True,consumer_and_knn,0.19769379841683232,80.23062015831677,0.24564647345474774,75.43535265452522,0.29359914849266316,70.64008515073368,0.24564647345474774,75.43535265452522,0.5 consumer exposure percentile + 0.5 KNN merchant risk percentile
93260930990,Pede Cras Vulputate Ltd,telecom,2022-02-28,1382,1382,1.0,5152162.944890995,5152162.944890995,1.0,1266,0.9160636758321273,4787188.22340425,0.9291608737164142,1343,1343,0.13927096697684033,0.14037868270477574,0.26559326,0.3436611619275239,2.558999638230114,4.330278971530237,0.8032786885245902,0.19672131147540983,False,3.3410324977034147,leave_one_out_for_labelled_merchant,KNN,5,0.3226167451359615,0.3787197154172081,0.33565734494092814,2021-11-09,2021-12-14,0.28552005438477224,0.15720425243157657,True,True,True,consumer_and_knn,0.24702531379881354,75.29746862011865,0.2213621534081744,77.86378465918256,0.19569899301753524,80.43010069824648,0.2213621534081744,77.86378465918256,0.5 consumer exposure percentile + 0.5 KNN merchant risk percentile
93292821052,Purus Sapien Gravida Associates,"furniture, home furnishings and equipment shops, and manufacturers, except appliances",2022-02-28,284,284,1.0,75194.26355270702,75194.26355270702,1.0,230,0.8098591549295775,59507.77864918193,0.791387212768834,283,283,0.14648632340066695,0.15130700431338026,0.26897922,0.6564668920174234,1.228547503919648,1.9028576510642488,0.5245901639344263,0.47540983606557374,False,3.3410324977034147,leave_one_out_for_labelled_merchant,KNN,1,0.6658725735032714,0.6658725735032714,0.6658725735032714,2021-11-29,2021-11-29,0.7767958305007931,0.6546030309884642,True,True,True,consumer_and_knn,0.7401379906470944,25.98620093529056,0.7156994307446287,28.43005692553713,0.6912608708421628,30.87391291578372,0.7156994307446287,28.43005692553713,0.5 consumer exposure percentile + 0.5 KNN merchant risk percentile
93558142492,Dolor Quisque Inc.,shoe shops,2022-02-28,12643,12643,1.0,5140731.945097211,5140731.945097211,1.0,10432,0.8251206201059875,4232938.832530434,0.8234117004617306,9856,9856,0.14099718641369885,0.1413905407370088,0.61699,0.29075392201263556,0.4538875676037222,0.7363809400224643,0.11475409836065574,0.8852459016393442,False,3.3410324977034147,leave_one_out_for_labelled_merchant,KNN,1,0.31343502316867783,0.31343502316867783,0.31343502316867783,2021-11-26,2021-11-26,0.36800362565148426,0.029857498303551232,True,True,True,consumer_and_knn,0.26655978744710435,73.34402125528956,0.19893056197751774,80.10694380224822,0.13130133650793113,86.86986634920689,0.19893056197751774,80.10694380224822,0.5 consumer exposure percentile + 0.5 KNN merchant risk percentile
94311056026,,,2022-02-28,59,59,1.0,941863.4850558848,941863.4850558848,1.0,56,0.9491525423728814,869352.1247407711,0.9230128766369882,59,59,0.13572812229446587,0.12866656179661018,0.61699,0.5554306192393492,0.8159715960094445,1.2149968305976189,0.32786885245901637,0.6721311475409837,False,3.3410324977034147,leave_one_out_for_labelled_merchant,KNN,2,0.277932559272442,0.3085150199484772,0.3085150199484772,2021-11-18,2021-12-16,0.18921368683435305,0.3980999773806831,True,True,True,consumer_and_knn,0.251879573998252,74.8120426001748,0.2936568321075181,70.63431678924819,0.33543409021678405,66.4565909783216,0.2936568321075181,70.63431678924819,0.5 consumer exposure percentile + 0.5 KNN merchant risk percentile
94493496784,Dictum Phasellus In Institute,"gift, card, novelty, and souvenir shops",2022-02-28,57086,57086,1.0,5241173.918156657,5241173.918156657,1.0,47713,0.835809130084434,4383446.100975441,0.8363481482249909,21864,21864,0.14277785394395823,0.14316895468593044,0.61699,0.2883831124641692,0.725809574571447,1.1670298712576757,0.2786885245901639,0.7213114754098361,False,3.3410324977034147,leave_one_out_for_labelled_merchant,KNN,1,0.3057903215900633,0.3057903215900633,0.3057903215900633,2021-11-26,2021-11-26,0.5248130523453433,0.02917891879665234,True,True,True,consumer_and_knn,0.37612281228073596,62.3877187719264,0.2769959855709978,72.30040144290022,0.17786915886125962,82.21308411387403,0.2769959855709978,72.30040144290022,0.5 consumer exposure percentile + 0.5 KNN merchant risk percentile
96680767841,Ornare Limited,motor vehicle supplies and new parts,2022-02-28,17834,17834,1.0,5598588.9132496985,5598588.9132496985,1.0,14911,0.8360995850622407,4672980.661955772,0.8346711527429047,12613,12613,0.14304102159329374,0.14300764421072096,0.49096018,0.2901642954973061,0.33553865154785095,0.6738776717823189,0.03278688524590164,0.9672131147540983,False,3.3410324977034147,leave_one_out_for_labelled_merchant,KNN,1,0.29555244690425014,0.29555244690425014,0.29555244690425014,2021-11-26,2021-11-26,0.557443915703603,0.029631305134584937,True,True,True,consumer_and_knn,0.39910013253289756,60.089986746710245,0.29353761041909393,70.6462389580906,0.18797508830529033,81.20249116947097,0.29353761041909393,70.6462389580906,0.5 consumer exposure percentile + 0.5 KNN merchant risk percentile
97217894162,Varius Corporation,"antique shops - sales, repairs, and restoration services",2022-02-28,52,52,1.0,671666.5564778813,671666.5564778813,1.0,46,0.8846153846153846,611601.7931497414,0.9105735386869483,51,51,0.11453476856777113,0.1222865603076923,0.24038917,0.5397752797795214,1.1910526072245866,1.4346559790569917,0.4918032786885246,0.5081967213114754,False,3.3410324977034147,leave_one_out_for_labelled_merchant,KNN,1,0.34945826508210165,0.34945826508210165,0.34945826508210165,2022-01-21,2022-01-21,0.04600045320643553,0.37661162632888484,True,True,True,consumer_and_knn,0.1451838051431703,85.48161948568297,0.2113060397676602,78.86939602323399,0.27742827439215,72.257172560785,0.2113060397676602,78.86939602323399,0.5 consumer exposure percentile + 0.5 KNN merchant risk percentile
97884414539,Ut Corporation,"antique shops - sales, repairs, and restoration services",2022-02-28,35,35,1.0,411800.29760454246,411800.29760454246,1.0,33,0.9428571428571428,390617.6875822562,0.9485609647552314,35,35,0.12978598092467697,0.14429404171428573,0.242807,0.4553467356043368,1.0333453946124878,1.4435729761902936,0.39344262295081966,0.6065573770491803,False,3.3410324977034147,leave_one_out_for_labelled_merchant,KNN,1,0.8979919971536573,0.8979919971536573,0.8979919971536573,2021-10-19,2021-10-19,0.11352821210061183,0.27211038226645556,True,True,True,consumer_and_knn,0.16110286315036493,83.88971368496351,0.1928192971835337,80.71807028164663,0.22453573121670245,77.54642687832975,0.1928192971835337,80.71807028164663,0.5 consumer exposure percentile + 0.5 KNN merchant risk percentile
99989036621,,,2022-02-28,1,1,1.0,56552.39444305644,56552.39444305644,1.0,1,1.0,56552.39444305644,1.0,1,1,0.07180157,0.07180157,0.07180157,0.1903604516920531,5.564643489754389,8.136899646296351,0.9836065573770492,0.016393442622950838,True,3.3410324977034147,leave_one_out_for_labelled_merchant,KNN,1,0.1821089142894488,0.1821089142894488,0.1821089142894488,2021-10-17,2021-10-17,0.0036256514842510764,0.00045238633793259444,True,True,True,consumer_and_knn,0.0026736719403555316,99.73263280596444,0.0020390189110918353,99.79609810889082,0.001404365881828139,99.85956341181719,0.0020390189110918353,99.79609810889082,0.5 consumer exposure percentile + 0.5 KNN merchant risk percentile
